PlanKind	Version	Mode	PlanStatus	RowType	SessionID	SessionNumber	SessionTitle	CompetitionTitle	StageKind	GroupNumber	ExerciseNumber	StageID	Target	StageField:PerfomanceFramesLimit	Source	Details
ovs-session-refs-plan	2	apply	approved	stageCreate				National 6 SYN Combined	Final1				"{""CompetitionID"": 74, ""GroupIDs"": [], ""StageKind"": ""Final1""}"	1	"{""competitionTitle"": ""National 6 SYN Combined"", ""raw"": ""SYN Nat 6 Combined FINAL""}"	"{""proposalBasis"": ""Schedule marks this item as FINAL and the live event currently exposes only the qualification-stage shape, so a separate Final1 stage is proposed.""}"
ovs-session-refs-plan	2	apply	approved	stageCreate				National 5 SYN Combined	Final1				"{""CompetitionID"": 73, ""GroupIDs"": [], ""StageKind"": ""Final1""}"	1	"{""competitionTitle"": ""National 5 SYN Combined"", ""raw"": ""SYN Nat 5 Combined FINAL""}"	"{""proposalBasis"": ""Schedule marks this item as FINAL and the live event currently exposes only the qualification-stage shape, so a separate Final1 stage is proposed.""}"
ovs-session-refs-plan	2	apply	approved	stageCreate				National 7 SYN Combined	Final1				"{""CompetitionID"": 75, ""GroupIDs"": [], ""StageKind"": ""Final1""}"	1	"{""competitionTitle"": ""National 7 SYN Combined"", ""raw"": ""SYN Nat 7 Combined FINAL""}"	"{""proposalBasis"": ""Schedule marks this item as FINAL and the live event currently exposes only the qualification-stage shape, so a separate Final1 stage is proposed.""}"
ovs-session-refs-plan	2	apply	approved	stageCreate				National 6 TUM Female	Final1				"{""CompetitionID"": 51, ""GroupIDs"": [], ""StageKind"": ""Final1""}"	1	"{""competitionTitle"": ""National 6 TUM Female"", ""raw"": ""Nat 6 TUM Female FINAL""}"	"{""proposalBasis"": ""Schedule marks this item as FINAL and the live event currently exposes only the qualification-stage shape, so a separate Final1 stage is proposed.""}"
ovs-session-refs-plan	2	apply	approved	stageCreate				National 6 TUM Male	Final1				"{""CompetitionID"": 52, ""GroupIDs"": [], ""StageKind"": ""Final1""}"	1	"{""competitionTitle"": ""National 6 TUM Male"", ""raw"": ""Nat 6 TUM Male FINAL""}"	"{""proposalBasis"": ""Schedule marks this item as FINAL and the live event currently exposes only the qualification-stage shape, so a separate Final1 stage is proposed.""}"
ovs-session-refs-plan	2	apply	approved	stageCreate				National 6 TRP Male	Final1				"{""CompetitionID"": 9, ""GroupIDs"": [], ""StageKind"": ""Final1""}"	1	"{""competitionTitle"": ""National 6 TRP Male"", ""raw"": ""Nat 6 TRP Male FINAL""}"	"{""proposalBasis"": ""Schedule marks this item as FINAL and the live event currently exposes only the qualification-stage shape, so a separate Final1 stage is proposed.""}"
ovs-session-refs-plan	2	apply	approved	stageCreate				National 6 TRP Female	Final1				"{""CompetitionID"": 7, ""GroupIDs"": [], ""StageKind"": ""Final1""}"	1	"{""competitionTitle"": ""National 6 TRP Female"", ""raw"": ""Nat 6 TRP Female FINAL""}"	"{""proposalBasis"": ""Schedule marks this item as FINAL and the live event currently exposes only the qualification-stage shape, so a separate Final1 stage is proposed.""}"
ovs-session-refs-plan	2	apply	approved	stageCreate				National 5 DMT Female	Final1				"{""CompetitionID"": 22, ""GroupIDs"": [], ""StageKind"": ""Final1""}"	1	"{""competitionTitle"": ""National 5 DMT Female"", ""raw"": ""Nat 5 DMT Female FINAL""}"	"{""proposalBasis"": ""Schedule marks this item as FINAL and the live event currently exposes only the qualification-stage shape, so a separate Final1 stage is proposed.""}"
ovs-session-refs-plan	2	apply	approved	stageCreate				National 5 DMT Male	Final1				"{""CompetitionID"": 23, ""GroupIDs"": [], ""StageKind"": ""Final1""}"	1	"{""competitionTitle"": ""National 5 DMT Male"", ""raw"": ""Nat 5 DMT Male FINAL""}"	"{""proposalBasis"": ""Schedule marks this item as FINAL and the live event currently exposes only the qualification-stage shape, so a separate Final1 stage is proposed.""}"
ovs-session-refs-plan	2	apply	approved	stageCreate				National 7 TUM Female	Final1				"{""CompetitionID"": 53, ""GroupIDs"": [], ""StageKind"": ""Final1""}"	1	"{""competitionTitle"": ""National 7 TUM Female"", ""raw"": ""Nat 7 TUM Female FINAL""}"	"{""proposalBasis"": ""Schedule marks this item as FINAL and the live event currently exposes only the qualification-stage shape, so a separate Final1 stage is proposed.""}"
ovs-session-refs-plan	2	apply	approved	stageCreate				National 5 TRP Male	Final1				"{""CompetitionID"": 5, ""GroupIDs"": [], ""StageKind"": ""Final1""}"	1	"{""competitionTitle"": ""National 5 TRP Male"", ""raw"": ""Nat 5 TRP Male FINAL""}"	"{""proposalBasis"": ""Schedule marks this item as FINAL and the live event currently exposes only the qualification-stage shape, so a separate Final1 stage is proposed.""}"
ovs-session-refs-plan	2	apply	approved	stageCreate				National 5 TRP Female	Final1				"{""CompetitionID"": 8, ""GroupIDs"": [], ""StageKind"": ""Final1""}"	1	"{""competitionTitle"": ""National 5 TRP Female"", ""raw"": ""Nat 5 TRP Female FINAL""}"	"{""proposalBasis"": ""Schedule marks this item as FINAL and the live event currently exposes only the qualification-stage shape, so a separate Final1 stage is proposed.""}"
ovs-session-refs-plan	2	apply	approved	stageCreate				National 7 DMT Male	Final1				"{""CompetitionID"": 28, ""GroupIDs"": [], ""StageKind"": ""Final1""}"	1	"{""competitionTitle"": ""National 7 DMT Male"", ""raw"": ""Nat 7 DMT Male FINAL""}"	"{""proposalBasis"": ""Schedule marks this item as FINAL and the live event currently exposes only the qualification-stage shape, so a separate Final1 stage is proposed.""}"
ovs-session-refs-plan	2	apply	approved	stageCreate				National 7 DMT Female	Final1				"{""CompetitionID"": 26, ""GroupIDs"": [], ""StageKind"": ""Final1""}"	1	"{""competitionTitle"": ""National 7 DMT Female"", ""raw"": ""Nat 7 DMT Female FINAL""}"	"{""proposalBasis"": ""Schedule marks this item as FINAL and the live event currently exposes only the qualification-stage shape, so a separate Final1 stage is proposed.""}"
ovs-session-refs-plan	2	apply	approved	stageCreate				National 7 TUM Male	Final1				"{""CompetitionID"": 54, ""GroupIDs"": [], ""StageKind"": ""Final1""}"	1	"{""competitionTitle"": ""National 7 TUM Male"", ""raw"": ""Nat 7 TUM Male FINAL""}"	"{""proposalBasis"": ""Schedule marks this item as FINAL and the live event currently exposes only the qualification-stage shape, so a separate Final1 stage is proposed.""}"
ovs-session-refs-plan	2	apply	approved	stageCreate				National 5 TUM Male	Final1				"{""CompetitionID"": 50, ""GroupIDs"": [], ""StageKind"": ""Final1""}"	1	"{""competitionTitle"": ""National 5 TUM Male"", ""raw"": ""Nat 5 TUM Male FINAL""}"	"{""proposalBasis"": ""Schedule marks this item as FINAL and the live event currently exposes only the qualification-stage shape, so a separate Final1 stage is proposed.""}"
ovs-session-refs-plan	2	apply	approved	stageCreate				National 7 TRP Male	Final1				"{""CompetitionID"": 11, ""GroupIDs"": [], ""StageKind"": ""Final1""}"	1	"{""competitionTitle"": ""National 7 TRP Male"", ""raw"": ""Nat 7 TRP Male FINAL""}"	"{""proposalBasis"": ""Schedule marks this item as FINAL and the live event currently exposes only the qualification-stage shape, so a separate Final1 stage is proposed.""}"
ovs-session-refs-plan	2	apply	approved	stageCreate				National 7 TRP Female	Final1				"{""CompetitionID"": 10, ""GroupIDs"": [], ""StageKind"": ""Final1""}"	1	"{""competitionTitle"": ""National 7 TRP Female"", ""raw"": ""Nat 7 TRP Female FINAL""}"	"{""proposalBasis"": ""Schedule marks this item as FINAL and the live event currently exposes only the qualification-stage shape, so a separate Final1 stage is proposed.""}"
ovs-session-refs-plan	2	apply	approved	stageCreate				National 6 DMT Male	Final1				"{""CompetitionID"": 25, ""GroupIDs"": [], ""StageKind"": ""Final1""}"	1	"{""competitionTitle"": ""National 6 DMT Male"", ""raw"": ""Nat 6 DMT Male FINAL""}"	"{""proposalBasis"": ""Schedule marks this item as FINAL and the live event currently exposes only the qualification-stage shape, so a separate Final1 stage is proposed.""}"
ovs-session-refs-plan	2	apply	approved	stageCreate				National 6 DMT Female	Final1				"{""CompetitionID"": 24, ""GroupIDs"": [], ""StageKind"": ""Final1""}"	1	"{""competitionTitle"": ""National 6 DMT Female"", ""raw"": ""Nat 6 DMT Female FINAL""}"	"{""proposalBasis"": ""Schedule marks this item as FINAL and the live event currently exposes only the qualification-stage shape, so a separate Final1 stage is proposed.""}"
ovs-session-refs-plan	2	apply	approved	stageCreate				National 5 TUM Female	Final1				"{""CompetitionID"": 49, ""GroupIDs"": [], ""StageKind"": ""Final1""}"	1	"{""competitionTitle"": ""National 5 TUM Female"", ""raw"": ""Nat 5 TUM Female FINAL""}"	"{""proposalBasis"": ""Schedule marks this item as FINAL and the live event currently exposes only the qualification-stage shape, so a separate Final1 stage is proposed.""}"
ovs-session-refs-plan	2	apply	approved	stageCreate				Youth SYN Male	Final1				"{""CompetitionID"": 80, ""GroupIDs"": [], ""StageKind"": ""Final1""}"	1	"{""competitionTitle"": ""Youth SYN Male"", ""raw"": ""SYN Youth Male FINAL""}"	"{""proposalBasis"": ""Schedule marks this item as FINAL and the live event currently exposes only the qualification-stage shape, so a separate Final1 stage is proposed.""}"
ovs-session-refs-plan	2	apply	approved	stageCreate				Youth SYN Female	Final1				"{""CompetitionID"": 79, ""GroupIDs"": [], ""StageKind"": ""Final1""}"	1	"{""competitionTitle"": ""Youth SYN Female"", ""raw"": ""SYN Youth Female FINAL""}"	"{""proposalBasis"": ""Schedule marks this item as FINAL and the live event currently exposes only the qualification-stage shape, so a separate Final1 stage is proposed.""}"
ovs-session-refs-plan	2	apply	approved	stageCreate				Senior SYN Mixed	Final1				"{""CompetitionID"": 78, ""GroupIDs"": [], ""StageKind"": ""Final1""}"	1	"{""competitionTitle"": ""Senior SYN Mixed"", ""raw"": ""SYN Senior Mixed FINAL""}"	"{""proposalBasis"": ""Schedule marks this item as FINAL and the live event currently exposes only the qualification-stage shape, so a separate Final1 stage is proposed.""}"
ovs-session-refs-plan	2	apply	approved	stageCreate				Youth U15 TUM Female	Final1				"{""CompetitionID"": 59, ""GroupIDs"": [], ""StageKind"": ""Final1""}"	1	"{""competitionTitle"": ""Youth U15 TUM Female"", ""raw"": ""Youth U15 TUM Female FINAL""}"	"{""proposalBasis"": ""Schedule marks this item as FINAL and the live event currently exposes only the qualification-stage shape, so a separate Final1 stage is proposed.""}"
ovs-session-refs-plan	2	apply	approved	stageCreate				Youth U15 TUM Male	Final1				"{""CompetitionID"": 60, ""GroupIDs"": [], ""StageKind"": ""Final1""}"	1	"{""competitionTitle"": ""Youth U15 TUM Male"", ""raw"": ""Youth U15 TUM Male FINAL""}"	"{""proposalBasis"": ""Schedule marks this item as FINAL and the live event currently exposes only the qualification-stage shape, so a separate Final1 stage is proposed.""}"
ovs-session-refs-plan	2	apply	approved	stageCreate				Junior SYN Male	Final1				"{""CompetitionID"": 71, ""GroupIDs"": [], ""StageKind"": ""Final1""}"	1	"{""competitionTitle"": ""Junior SYN Male"", ""raw"": ""SYN Junior Male FINAL""}"	"{""proposalBasis"": ""Schedule marks this item as FINAL and the live event currently exposes only the qualification-stage shape, so a separate Final1 stage is proposed.""}"
ovs-session-refs-plan	2	apply	approved	stageCreate				Junior SYN Female	Final1				"{""CompetitionID"": 72, ""GroupIDs"": [], ""StageKind"": ""Final1""}"	1	"{""competitionTitle"": ""Junior SYN Female"", ""raw"": ""SYN Junior Female FINAL""}"	"{""proposalBasis"": ""Schedule marks this item as FINAL and the live event currently exposes only the qualification-stage shape, so a separate Final1 stage is proposed.""}"
ovs-session-refs-plan	2	apply	approved	stageCreate				Youth U13 TUM Female	Final1				"{""CompetitionID"": 57, ""GroupIDs"": [], ""StageKind"": ""Final1""}"	1	"{""competitionTitle"": ""Youth U13 TUM Female"", ""raw"": ""Youth U13 TUM Female FINAL""}"	"{""proposalBasis"": ""Schedule marks this item as FINAL and the live event currently exposes only the qualification-stage shape, so a separate Final1 stage is proposed.""}"
ovs-session-refs-plan	2	apply	approved	stageCreate				Youth U13 TUM Male	Final1				"{""CompetitionID"": 58, ""GroupIDs"": [], ""StageKind"": ""Final1""}"	1	"{""competitionTitle"": ""Youth U13 TUM Male"", ""raw"": ""Youth U13 TUM Male FINAL""}"	"{""proposalBasis"": ""Schedule marks this item as FINAL and the live event currently exposes only the qualification-stage shape, so a separate Final1 stage is proposed.""}"
ovs-session-refs-plan	2	apply	approved	stageCreate				Junior U17 TUM Female	Final1				"{""CompetitionID"": 44, ""GroupIDs"": [], ""StageKind"": ""Final1""}"	1	"{""competitionTitle"": ""Junior U17 TUM Female"", ""raw"": ""Junior U17 TUM Female FINAL""}"	"{""proposalBasis"": ""Schedule marks this item as FINAL and the live event currently exposes only the qualification-stage shape, so a separate Final1 stage is proposed.""}"
ovs-session-refs-plan	2	apply	approved	stageCreate				Junior U17 TUM Male	Final1				"{""CompetitionID"": 48, ""GroupIDs"": [], ""StageKind"": ""Final1""}"	1	"{""competitionTitle"": ""Junior U17 TUM Male"", ""raw"": ""Junior U17 TUM Male FINAL""}"	"{""proposalBasis"": ""Schedule marks this item as FINAL and the live event currently exposes only the qualification-stage shape, so a separate Final1 stage is proposed.""}"
ovs-session-refs-plan	2	apply	approved	stageCreate				Youth U13 TRP Male	Final1				"{""CompetitionID"": 15, ""GroupIDs"": [], ""StageKind"": ""Final1""}"	1	"{""competitionTitle"": ""Youth U13 TRP Male"", ""raw"": ""Youth U13 TRP Male FINAL""}"	"{""proposalBasis"": ""Schedule marks this item as FINAL and the live event currently exposes only the qualification-stage shape, so a separate Final1 stage is proposed.""}"
ovs-session-refs-plan	2	apply	approved	stageCreate				Youth U13 TRP Female	Final1				"{""CompetitionID"": 14, ""GroupIDs"": [], ""StageKind"": ""Final1""}"	1	"{""competitionTitle"": ""Youth U13 TRP Female"", ""raw"": ""Youth U13 TRP Female FINAL""}"	"{""proposalBasis"": ""Schedule marks this item as FINAL and the live event currently exposes only the qualification-stage shape, so a separate Final1 stage is proposed.""}"
ovs-session-refs-plan	2	apply	approved	stageCreate				Senior SYN Male	Final1				"{""CompetitionID"": 77, ""GroupIDs"": [], ""StageKind"": ""Final1""}"	1	"{""competitionTitle"": ""Senior SYN Male"", ""raw"": ""SYN Senior Male FINAL""}"	"{""proposalBasis"": ""Schedule marks this item as FINAL and the live event currently exposes only the qualification-stage shape, so a separate Final1 stage is proposed.""}"
ovs-session-refs-plan	2	apply	approved	stageCreate				Senior SYN Female	Final1				"{""CompetitionID"": 76, ""GroupIDs"": [], ""StageKind"": ""Final1""}"	1	"{""competitionTitle"": ""Senior SYN Female"", ""raw"": ""SYN Senior Female FINAL""}"	"{""proposalBasis"": ""Schedule marks this item as FINAL and the live event currently exposes only the qualification-stage shape, so a separate Final1 stage is proposed.""}"
ovs-session-refs-plan	2	apply	approved	stageCreate				Youth U13 DMT Male	Final1				"{""CompetitionID"": 31, ""GroupIDs"": [], ""StageKind"": ""Final1""}"	1	"{""competitionTitle"": ""Youth U13 DMT Male"", ""raw"": ""Youth U13 DMT Male FINAL""}"	"{""proposalBasis"": ""Schedule marks this item as FINAL and the live event currently exposes only the qualification-stage shape, so a separate Final1 stage is proposed.""}"
ovs-session-refs-plan	2	apply	approved	stageCreate				Youth U13 DMT Female	Final1				"{""CompetitionID"": 30, ""GroupIDs"": [], ""StageKind"": ""Final1""}"	1	"{""competitionTitle"": ""Youth U13 DMT Female"", ""raw"": ""Youth U13 DMT Female FINAL""}"	"{""proposalBasis"": ""Schedule marks this item as FINAL and the live event currently exposes only the qualification-stage shape, so a separate Final1 stage is proposed.""}"
ovs-session-refs-plan	2	apply	approved	stageCreate				Junior 17+ TUM Female	Final1				"{""CompetitionID"": 47, ""GroupIDs"": [], ""StageKind"": ""Final1""}"	1	"{""competitionTitle"": ""Junior 17+ TUM Female"", ""raw"": ""Junior 17+ TUM Female FINAL""}"	"{""proposalBasis"": ""Schedule marks this item as FINAL and the live event currently exposes only the qualification-stage shape, so a separate Final1 stage is proposed.""}"
ovs-session-refs-plan	2	apply	approved	stageCreate				Junior 17+ TUM Male	Final1				"{""CompetitionID"": 46, ""GroupIDs"": [], ""StageKind"": ""Final1""}"	1	"{""competitionTitle"": ""Junior 17+ TUM Male"", ""raw"": ""Junior 17+ TUM Male FINAL""}"	"{""proposalBasis"": ""Schedule marks this item as FINAL and the live event currently exposes only the qualification-stage shape, so a separate Final1 stage is proposed.""}"
ovs-session-refs-plan	2	apply	approved	stageCreate				Junior 17+ TRP Male	Final1				"{""CompetitionID"": 2, ""GroupIDs"": [], ""StageKind"": ""Final1""}"	1	"{""competitionTitle"": ""Junior 17+ TRP Male"", ""raw"": ""Junior 17+ TRP Male FINAL""}"	"{""proposalBasis"": ""Schedule marks this item as FINAL and the live event currently exposes only the qualification-stage shape, so a separate Final1 stage is proposed.""}"
ovs-session-refs-plan	2	apply	approved	stageCreate				Senior TRP Male	Final1				"{""CompetitionID"": 13, ""GroupIDs"": [], ""StageKind"": ""Final1""}"	1	"{""competitionTitle"": ""Senior TRP Male"", ""raw"": ""Senior TRP Male FINAL""}"	"{""proposalBasis"": ""Schedule marks this item as FINAL and the live event currently exposes only the qualification-stage shape, so a separate Final1 stage is proposed.""}"
ovs-session-refs-plan	2	apply	approved	stageCreate				Junior 17+ TRP Female	Final1				"{""CompetitionID"": 3, ""GroupIDs"": [], ""StageKind"": ""Final1""}"	1	"{""competitionTitle"": ""Junior 17+ TRP Female"", ""raw"": ""Junior 17+ TRP Female FINAL""}"	"{""proposalBasis"": ""Schedule marks this item as FINAL and the live event currently exposes only the qualification-stage shape, so a separate Final1 stage is proposed.""}"
ovs-session-refs-plan	2	apply	approved	stageCreate				Senior TRP Female	Final1				"{""CompetitionID"": 12, ""GroupIDs"": [], ""StageKind"": ""Final1""}"	1	"{""competitionTitle"": ""Senior TRP Female"", ""raw"": ""Senior TRP Female FINAL""}"	"{""proposalBasis"": ""Schedule marks this item as FINAL and the live event currently exposes only the qualification-stage shape, so a separate Final1 stage is proposed.""}"
ovs-session-refs-plan	2	apply	approved	stageCreate				Youth U15 DMT Female	Final1				"{""CompetitionID"": 32, ""GroupIDs"": [], ""StageKind"": ""Final1""}"	1	"{""competitionTitle"": ""Youth U15 DMT Female"", ""raw"": ""Youth U15 DMT Female FINAL""}"	"{""proposalBasis"": ""Schedule marks this item as FINAL and the live event currently exposes only the qualification-stage shape, so a separate Final1 stage is proposed.""}"
ovs-session-refs-plan	2	apply	approved	stageCreate				Youth U15 DMT Male	Final1				"{""CompetitionID"": 33, ""GroupIDs"": [], ""StageKind"": ""Final1""}"	1	"{""competitionTitle"": ""Youth U15 DMT Male"", ""raw"": ""Youth U15 DMT Male FINAL""}"	"{""proposalBasis"": ""Schedule marks this item as FINAL and the live event currently exposes only the qualification-stage shape, so a separate Final1 stage is proposed.""}"
ovs-session-refs-plan	2	apply	approved	stageCreate				Junior U17 DMT Female	Final1				"{""CompetitionID"": 19, ""GroupIDs"": [], ""StageKind"": ""Final1""}"	1	"{""competitionTitle"": ""Junior U17 DMT Female"", ""raw"": ""Junior U17 DMT Female FINAL""}"	"{""proposalBasis"": ""Schedule marks this item as FINAL and the live event currently exposes only the qualification-stage shape, so a separate Final1 stage is proposed.""}"
ovs-session-refs-plan	2	apply	approved	stageCreate				Junior U17 DMT Male	Final1				"{""CompetitionID"": 18, ""GroupIDs"": [], ""StageKind"": ""Final1""}"	1	"{""competitionTitle"": ""Junior U17 DMT Male"", ""raw"": ""Junior U17 DMT Male FINAL""}"	"{""proposalBasis"": ""Schedule marks this item as FINAL and the live event currently exposes only the qualification-stage shape, so a separate Final1 stage is proposed.""}"
ovs-session-refs-plan	2	apply	approved	stageCreate				Senior TUM Female	Final1				"{""CompetitionID"": 55, ""GroupIDs"": [], ""StageKind"": ""Final1""}"	1	"{""competitionTitle"": ""Senior TUM Female"", ""raw"": ""Senior TUM Female FINAL""}"	"{""proposalBasis"": ""Schedule marks this item as FINAL and the live event currently exposes only the qualification-stage shape, so a separate Final1 stage is proposed.""}"
ovs-session-refs-plan	2	apply	approved	stageCreate				Senior TUM Male	Final1				"{""CompetitionID"": 56, ""GroupIDs"": [], ""StageKind"": ""Final1""}"	1	"{""competitionTitle"": ""Senior TUM Male"", ""raw"": ""Senior TUM Male FINAL""}"	"{""proposalBasis"": ""Schedule marks this item as FINAL and the live event currently exposes only the qualification-stage shape, so a separate Final1 stage is proposed.""}"
ovs-session-refs-plan	2	apply	approved	stageCreate				Youth U15 TRP Male	Final1				"{""CompetitionID"": 17, ""GroupIDs"": [], ""StageKind"": ""Final1""}"	1	"{""competitionTitle"": ""Youth U15 TRP Male"", ""raw"": ""Youth U15 TRP Male FINAL""}"	"{""proposalBasis"": ""Schedule marks this item as FINAL and the live event currently exposes only the qualification-stage shape, so a separate Final1 stage is proposed.""}"
ovs-session-refs-plan	2	apply	approved	stageCreate				Junior U17 TRP Male	Final1				"{""CompetitionID"": 6, ""GroupIDs"": [], ""StageKind"": ""Final1""}"	1	"{""competitionTitle"": ""Junior U17 TRP Male"", ""raw"": ""Junior U17 TRP Male FINAL""}"	"{""proposalBasis"": ""Schedule marks this item as FINAL and the live event currently exposes only the qualification-stage shape, so a separate Final1 stage is proposed.""}"
ovs-session-refs-plan	2	apply	approved	stageCreate				Youth U15 TRP Female	Final1				"{""CompetitionID"": 16, ""GroupIDs"": [], ""StageKind"": ""Final1""}"	1	"{""competitionTitle"": ""Youth U15 TRP Female"", ""raw"": ""Youth U15 TRP Female FINAL""}"	"{""proposalBasis"": ""Schedule marks this item as FINAL and the live event currently exposes only the qualification-stage shape, so a separate Final1 stage is proposed.""}"
ovs-session-refs-plan	2	apply	approved	stageCreate				Junior U17 TRP Female	Final1				"{""CompetitionID"": 4, ""GroupIDs"": [], ""StageKind"": ""Final1""}"	1	"{""competitionTitle"": ""Junior U17 TRP Female"", ""raw"": ""Junior U17 TRP Female FINAL""}"	"{""proposalBasis"": ""Schedule marks this item as FINAL and the live event currently exposes only the qualification-stage shape, so a separate Final1 stage is proposed.""}"
ovs-session-refs-plan	2	apply	approved	stageCreate				Junior 17+ DMT Female	Final1				"{""CompetitionID"": 21, ""GroupIDs"": [], ""StageKind"": ""Final1""}"	1	"{""competitionTitle"": ""Junior 17+ DMT Female"", ""raw"": ""Junior 17+ DMT Female FINAL""}"	"{""proposalBasis"": ""Schedule marks this item as FINAL and the live event currently exposes only the qualification-stage shape, so a separate Final1 stage is proposed.""}"
ovs-session-refs-plan	2	apply	approved	stageCreate				Junior 17+ DMT Male	Final1				"{""CompetitionID"": 20, ""GroupIDs"": [], ""StageKind"": ""Final1""}"	1	"{""competitionTitle"": ""Junior 17+ DMT Male"", ""raw"": ""Junior 17+ DMT Male FINAL""}"	"{""proposalBasis"": ""Schedule marks this item as FINAL and the live event currently exposes only the qualification-stage shape, so a separate Final1 stage is proposed.""}"
ovs-session-refs-plan	2	apply	approved	stageCreate				Senior DMT Female	Final1				"{""CompetitionID"": 27, ""GroupIDs"": [], ""StageKind"": ""Final1""}"	1	"{""competitionTitle"": ""Senior DMT Female"", ""raw"": ""Senior DMT Female FINAL""}"	"{""proposalBasis"": ""Schedule marks this item as FINAL and the live event currently exposes only the qualification-stage shape, so a separate Final1 stage is proposed.""}"
ovs-session-refs-plan	2	apply	approved	stageCreate				Senior DMT Male	Final1				"{""CompetitionID"": 29, ""GroupIDs"": [], ""StageKind"": ""Final1""}"	1	"{""competitionTitle"": ""Senior DMT Male"", ""raw"": ""Senior DMT Male FINAL""}"	"{""proposalBasis"": ""Schedule marks this item as FINAL and the live event currently exposes only the qualification-stage shape, so a separate Final1 stage is proposed.""}"
ovs-session-refs-plan	2	apply	approved	ref	0	102	TRA 1	National 6 SYN Combined	Qualification	1	1		"{""GroupFrame"": 0, ""GroupID"": 74}"		"{""competitionTitle"": ""National 6 SYN Combined"", ""groupNumber"": 1, ""raw"": ""SYN Nat 6 Combined Flight 1"", ""sessionID"": 0, ""sessionNumber"": 102, ""sessionTitle"": ""TRA 1"", ""stageKind"": ""Qualification""}"	{}
ovs-session-refs-plan	2	apply	approved	ref	0	102	TRA 1	National 6 SYN Combined	Qualification	2	1		"{""GroupFrame"": 0, ""GroupID"": 105}"		"{""competitionTitle"": ""National 6 SYN Combined"", ""groupNumber"": 2, ""raw"": ""SYN Nat 6 Combined Flight 2"", ""sessionID"": 0, ""sessionNumber"": 102, ""sessionTitle"": ""TRA 1"", ""stageKind"": ""Qualification""}"	{}
ovs-session-refs-plan	2	apply	approved	ref	0	102	TRA 1	National 6 SYN Combined	Final1	1	1		"{""CompetitionID"": 74, ""GroupFrame"": 0, ""GroupIndex"": 0, ""StageKind"": ""Final1""}"		"{""competitionTitle"": ""National 6 SYN Combined"", ""groupNumber"": 1, ""raw"": ""SYN Nat 6 Combined FINAL"", ""sessionID"": 0, ""sessionNumber"": 102, ""sessionTitle"": ""TRA 1"", ""stageKind"": ""Final1""}"	{}
ovs-session-refs-plan	2	apply	approved	ref	1	102	TRA 2	National 5 SYN Combined	Qualification	1	1		"{""GroupFrame"": 0, ""GroupID"": 73}"		"{""competitionTitle"": ""National 5 SYN Combined"", ""groupNumber"": 1, ""raw"": ""SYN Nat 5 Combined Flight 1"", ""sessionID"": 1, ""sessionNumber"": 102, ""sessionTitle"": ""TRA 2"", ""stageKind"": ""Qualification""}"	{}
ovs-session-refs-plan	2	apply	approved	ref	1	102	TRA 2	National 5 SYN Combined	Qualification	2	1		"{""GroupFrame"": 0, ""GroupID"": 104}"		"{""competitionTitle"": ""National 5 SYN Combined"", ""groupNumber"": 2, ""raw"": ""SYN Nat 5 Combined Flight 2"", ""sessionID"": 1, ""sessionNumber"": 102, ""sessionTitle"": ""TRA 2"", ""stageKind"": ""Qualification""}"	{}
ovs-session-refs-plan	2	apply	approved	ref	1	102	TRA 2	National 5 SYN Combined	Final1	1	1		"{""CompetitionID"": 73, ""GroupFrame"": 0, ""GroupIndex"": 0, ""StageKind"": ""Final1""}"		"{""competitionTitle"": ""National 5 SYN Combined"", ""groupNumber"": 1, ""raw"": ""SYN Nat 5 Combined FINAL"", ""sessionID"": 1, ""sessionNumber"": 102, ""sessionTitle"": ""TRA 2"", ""stageKind"": ""Final1""}"	{}
ovs-session-refs-plan	2	apply	approved	ref	1	102	TRA 2	National 7 SYN Combined	Qualification	1	1		"{""GroupFrame"": 0, ""GroupID"": 75}"		"{""competitionTitle"": ""National 7 SYN Combined"", ""groupNumber"": 1, ""raw"": ""SYN Nat 7 Combined Flight 1"", ""sessionID"": 1, ""sessionNumber"": 102, ""sessionTitle"": ""TRA 2"", ""stageKind"": ""Qualification""}"	{}
ovs-session-refs-plan	2	apply	approved	ref	1	102	TRA 2	National 7 SYN Combined	Final1	1	1		"{""CompetitionID"": 75, ""GroupFrame"": 0, ""GroupIndex"": 0, ""StageKind"": ""Final1""}"		"{""competitionTitle"": ""National 7 SYN Combined"", ""groupNumber"": 1, ""raw"": ""SYN Nat 7 Combined FINAL"", ""sessionID"": 1, ""sessionNumber"": 102, ""sessionTitle"": ""TRA 2"", ""stageKind"": ""Final1""}"	{}
ovs-session-refs-plan	2	apply	approved	ref	2	102	TUM	National 6 TUM Female	Qualification	1	1		"{""GroupFrame"": 0, ""GroupID"": 51}"		"{""competitionTitle"": ""National 6 TUM Female"", ""groupNumber"": 1, ""raw"": ""Nat 6 TUM Female Flight 1"", ""sessionID"": 2, ""sessionNumber"": 102, ""sessionTitle"": ""TUM"", ""stageKind"": ""Qualification""}"	{}
ovs-session-refs-plan	2	apply	approved	ref	2	102	TUM	National 6 TUM Female	Qualification	2	1		"{""GroupFrame"": 0, ""GroupID"": 98}"		"{""competitionTitle"": ""National 6 TUM Female"", ""groupNumber"": 2, ""raw"": ""Nat 6 TUM Female Flight 2"", ""sessionID"": 2, ""sessionNumber"": 102, ""sessionTitle"": ""TUM"", ""stageKind"": ""Qualification""}"	{}
ovs-session-refs-plan	2	apply	approved	ref	2	102	TUM	National 6 TUM Female	Final1	1	1		"{""CompetitionID"": 51, ""GroupFrame"": 0, ""GroupIndex"": 0, ""StageKind"": ""Final1""}"		"{""competitionTitle"": ""National 6 TUM Female"", ""groupNumber"": 1, ""raw"": ""Nat 6 TUM Female FINAL"", ""sessionID"": 2, ""sessionNumber"": 102, ""sessionTitle"": ""TUM"", ""stageKind"": ""Final1""}"	{}
ovs-session-refs-plan	2	apply	approved	ref	2	102	TUM	National 6 TUM Male	Qualification	1	1		"{""GroupFrame"": 0, ""GroupID"": 52}"		"{""competitionTitle"": ""National 6 TUM Male"", ""groupNumber"": 1, ""raw"": ""Nat 6 TUM Male Flight 1"", ""sessionID"": 2, ""sessionNumber"": 102, ""sessionTitle"": ""TUM"", ""stageKind"": ""Qualification""}"	{}
ovs-session-refs-plan	2	apply	approved	ref	2	102	TUM	National 6 TUM Male	Final1	1	1		"{""CompetitionID"": 52, ""GroupFrame"": 0, ""GroupIndex"": 0, ""StageKind"": ""Final1""}"		"{""competitionTitle"": ""National 6 TUM Male"", ""groupNumber"": 1, ""raw"": ""Nat 6 TUM Male FINAL"", ""sessionID"": 2, ""sessionNumber"": 102, ""sessionTitle"": ""TUM"", ""stageKind"": ""Final1""}"	{}
ovs-session-refs-plan	2	apply	approved	ref	3	103	TRA 1	National 6 TRP Male	Qualification	1	1		"{""GroupFrame"": 0, ""GroupID"": 9}"		"{""competitionTitle"": ""National 6 TRP Male"", ""groupNumber"": 1, ""raw"": ""Nat 6 TRP Male Flight 1"", ""sessionID"": 3, ""sessionNumber"": 103, ""sessionTitle"": ""TRA 1"", ""stageKind"": ""Qualification""}"	{}
ovs-session-refs-plan	2	apply	approved	ref	3	103	TRA 1	National 6 TRP Male	Final1	1	1		"{""CompetitionID"": 9, ""GroupFrame"": 0, ""GroupIndex"": 0, ""StageKind"": ""Final1""}"		"{""competitionTitle"": ""National 6 TRP Male"", ""groupNumber"": 1, ""raw"": ""Nat 6 TRP Male FINAL"", ""sessionID"": 3, ""sessionNumber"": 103, ""sessionTitle"": ""TRA 1"", ""stageKind"": ""Final1""}"	{}
ovs-session-refs-plan	2	apply	approved	ref	4	103	TRA 2	National 6 TRP Female	Qualification	1	1		"{""GroupFrame"": 0, ""GroupID"": 7}"		"{""competitionTitle"": ""National 6 TRP Female"", ""groupNumber"": 1, ""raw"": ""Nat 6 TRP Female Flight 1"", ""sessionID"": 4, ""sessionNumber"": 103, ""sessionTitle"": ""TRA 2"", ""stageKind"": ""Qualification""}"	{}
ovs-session-refs-plan	2	apply	approved	ref	4	103	TRA 2	National 6 TRP Female	Qualification	2	1		"{""GroupFrame"": 0, ""GroupID"": 97}"		"{""competitionTitle"": ""National 6 TRP Female"", ""groupNumber"": 2, ""raw"": ""Nat 6 TRP Female Flight 2"", ""sessionID"": 4, ""sessionNumber"": 103, ""sessionTitle"": ""TRA 2"", ""stageKind"": ""Qualification""}"	{}
ovs-session-refs-plan	2	apply	approved	ref	4	103	TRA 2	National 6 TRP Female	Final1	1	1		"{""CompetitionID"": 7, ""GroupFrame"": 0, ""GroupIndex"": 0, ""StageKind"": ""Final1""}"		"{""competitionTitle"": ""National 6 TRP Female"", ""groupNumber"": 1, ""raw"": ""Nat 6 TRP Female FINAL"", ""sessionID"": 4, ""sessionNumber"": 103, ""sessionTitle"": ""TRA 2"", ""stageKind"": ""Final1""}"	{}
ovs-session-refs-plan	2	apply	approved	ref	5	103	DMT	National 5 DMT Female	Qualification	1	1		"{""GroupFrame"": 0, ""GroupID"": 22}"		"{""competitionTitle"": ""National 5 DMT Female"", ""groupNumber"": 1, ""raw"": ""Nat 5 DMT Female Flight 1"", ""sessionID"": 5, ""sessionNumber"": 103, ""sessionTitle"": ""DMT"", ""stageKind"": ""Qualification""}"	{}
ovs-session-refs-plan	2	apply	approved	ref	5	103	DMT	National 5 DMT Female	Qualification	2	1		"{""GroupFrame"": 0, ""GroupID"": 89}"		"{""competitionTitle"": ""National 5 DMT Female"", ""groupNumber"": 2, ""raw"": ""Nat 5 DMT Female Flight 2"", ""sessionID"": 5, ""sessionNumber"": 103, ""sessionTitle"": ""DMT"", ""stageKind"": ""Qualification""}"	{}
ovs-session-refs-plan	2	apply	approved	ref	5	103	DMT	National 5 DMT Female	Final1	1	1		"{""CompetitionID"": 22, ""GroupFrame"": 0, ""GroupIndex"": 0, ""StageKind"": ""Final1""}"		"{""competitionTitle"": ""National 5 DMT Female"", ""groupNumber"": 1, ""raw"": ""Nat 5 DMT Female FINAL"", ""sessionID"": 5, ""sessionNumber"": 103, ""sessionTitle"": ""DMT"", ""stageKind"": ""Final1""}"	{}
ovs-session-refs-plan	2	apply	approved	ref	5	103	DMT	National 5 DMT Male	Qualification	1	1		"{""GroupFrame"": 0, ""GroupID"": 23}"		"{""competitionTitle"": ""National 5 DMT Male"", ""groupNumber"": 1, ""raw"": ""Nat 5 DMT Male Flight 1"", ""sessionID"": 5, ""sessionNumber"": 103, ""sessionTitle"": ""DMT"", ""stageKind"": ""Qualification""}"	{}
ovs-session-refs-plan	2	apply	approved	ref	5	103	DMT	National 5 DMT Male	Final1	1	1		"{""CompetitionID"": 23, ""GroupFrame"": 0, ""GroupIndex"": 0, ""StageKind"": ""Final1""}"		"{""competitionTitle"": ""National 5 DMT Male"", ""groupNumber"": 1, ""raw"": ""Nat 5 DMT Male FINAL"", ""sessionID"": 5, ""sessionNumber"": 103, ""sessionTitle"": ""DMT"", ""stageKind"": ""Final1""}"	{}
ovs-session-refs-plan	2	apply	approved	ref	6	103	TUM	National 7 TUM Female	Qualification	1	1		"{""GroupFrame"": 0, ""GroupID"": 53}"		"{""competitionTitle"": ""National 7 TUM Female"", ""groupNumber"": 1, ""raw"": ""Nat 7 TUM Female Flight 1"", ""sessionID"": 6, ""sessionNumber"": 103, ""sessionTitle"": ""TUM"", ""stageKind"": ""Qualification""}"	{}
ovs-session-refs-plan	2	apply	approved	ref	6	103	TUM	National 7 TUM Female	Qualification	2	1		"{""GroupFrame"": 0, ""GroupID"": 99}"		"{""competitionTitle"": ""National 7 TUM Female"", ""groupNumber"": 2, ""raw"": ""Nat 7 TUM Female Flight 2"", ""sessionID"": 6, ""sessionNumber"": 103, ""sessionTitle"": ""TUM"", ""stageKind"": ""Qualification""}"	{}
ovs-session-refs-plan	2	apply	approved	ref	6	103	TUM	National 7 TUM Female	Final1	1	1		"{""CompetitionID"": 53, ""GroupFrame"": 0, ""GroupIndex"": 0, ""StageKind"": ""Final1""}"		"{""competitionTitle"": ""National 7 TUM Female"", ""groupNumber"": 1, ""raw"": ""Nat 7 TUM Female FINAL"", ""sessionID"": 6, ""sessionNumber"": 103, ""sessionTitle"": ""TUM"", ""stageKind"": ""Final1""}"	{}
ovs-session-refs-plan	2	apply	approved	ref	7	201	TRA 1	National 5 TRP Male	Qualification	1	1		"{""GroupFrame"": 0, ""GroupID"": 5}"		"{""competitionTitle"": ""National 5 TRP Male"", ""groupNumber"": 1, ""raw"": ""Nat 5 TRP Male Flight 1"", ""sessionID"": 7, ""sessionNumber"": 201, ""sessionTitle"": ""TRA 1"", ""stageKind"": ""Qualification""}"	{}
ovs-session-refs-plan	2	apply	approved	ref	7	201	TRA 1	National 5 TRP Male	Final1	1	1		"{""CompetitionID"": 5, ""GroupFrame"": 0, ""GroupIndex"": 0, ""StageKind"": ""Final1""}"		"{""competitionTitle"": ""National 5 TRP Male"", ""groupNumber"": 1, ""raw"": ""Nat 5 TRP Male FINAL"", ""sessionID"": 7, ""sessionNumber"": 201, ""sessionTitle"": ""TRA 1"", ""stageKind"": ""Final1""}"	{}
ovs-session-refs-plan	2	apply	approved	ref	8	201	TRA 2	National 5 TRP Female	Qualification	1	1		"{""GroupFrame"": 0, ""GroupID"": 8}"		"{""competitionTitle"": ""National 5 TRP Female"", ""groupNumber"": 1, ""raw"": ""Nat 5 TRP Female Flight 1"", ""sessionID"": 8, ""sessionNumber"": 201, ""sessionTitle"": ""TRA 2"", ""stageKind"": ""Qualification""}"	{}
ovs-session-refs-plan	2	apply	approved	ref	8	201	TRA 2	National 5 TRP Female	Qualification	2	1		"{""GroupFrame"": 0, ""GroupID"": 90}"		"{""competitionTitle"": ""National 5 TRP Female"", ""groupNumber"": 2, ""raw"": ""Nat 5 TRP Female Flight 2"", ""sessionID"": 8, ""sessionNumber"": 201, ""sessionTitle"": ""TRA 2"", ""stageKind"": ""Qualification""}"	{}
ovs-session-refs-plan	2	apply	approved	ref	8	201	TRA 2	National 5 TRP Female	Final1	1	1		"{""CompetitionID"": 8, ""GroupFrame"": 0, ""GroupIndex"": 0, ""StageKind"": ""Final1""}"		"{""competitionTitle"": ""National 5 TRP Female"", ""groupNumber"": 1, ""raw"": ""Nat 5 TRP Female FINAL"", ""sessionID"": 8, ""sessionNumber"": 201, ""sessionTitle"": ""TRA 2"", ""stageKind"": ""Final1""}"	{}
ovs-session-refs-plan	2	apply	approved	ref	9	201	DMT	National 7 DMT Male	Qualification	1	1		"{""GroupFrame"": 0, ""GroupID"": 28}"		"{""competitionTitle"": ""National 7 DMT Male"", ""groupNumber"": 1, ""raw"": ""Nat 7 DMT Male Flight 1"", ""sessionID"": 9, ""sessionNumber"": 201, ""sessionTitle"": ""DMT"", ""stageKind"": ""Qualification""}"	{}
ovs-session-refs-plan	2	apply	approved	ref	9	201	DMT	National 7 DMT Male	Final1	1	1		"{""CompetitionID"": 28, ""GroupFrame"": 0, ""GroupIndex"": 0, ""StageKind"": ""Final1""}"		"{""competitionTitle"": ""National 7 DMT Male"", ""groupNumber"": 1, ""raw"": ""Nat 7 DMT Male FINAL"", ""sessionID"": 9, ""sessionNumber"": 201, ""sessionTitle"": ""DMT"", ""stageKind"": ""Final1""}"	{}
ovs-session-refs-plan	2	apply	approved	ref	9	201	DMT	National 7 DMT Female	Qualification	1	1		"{""GroupFrame"": 0, ""GroupID"": 26}"		"{""competitionTitle"": ""National 7 DMT Female"", ""groupNumber"": 1, ""raw"": ""Nat 7 DMT Female Flight 1"", ""sessionID"": 9, ""sessionNumber"": 201, ""sessionTitle"": ""DMT"", ""stageKind"": ""Qualification""}"	{}
ovs-session-refs-plan	2	apply	approved	ref	9	201	DMT	National 7 DMT Female	Final1	1	1		"{""CompetitionID"": 26, ""GroupFrame"": 0, ""GroupIndex"": 0, ""StageKind"": ""Final1""}"		"{""competitionTitle"": ""National 7 DMT Female"", ""groupNumber"": 1, ""raw"": ""Nat 7 DMT Female FINAL"", ""sessionID"": 9, ""sessionNumber"": 201, ""sessionTitle"": ""DMT"", ""stageKind"": ""Final1""}"	{}
ovs-session-refs-plan	2	apply	approved	ref	10	201	TUM	National 7 TUM Male	Qualification	1	1		"{""GroupFrame"": 0, ""GroupID"": 54}"		"{""competitionTitle"": ""National 7 TUM Male"", ""groupNumber"": 1, ""raw"": ""Nat 7 TUM Male Flight 1"", ""sessionID"": 10, ""sessionNumber"": 201, ""sessionTitle"": ""TUM"", ""stageKind"": ""Qualification""}"	{}
ovs-session-refs-plan	2	apply	approved	ref	10	201	TUM	National 7 TUM Male	Final1	1	1		"{""CompetitionID"": 54, ""GroupFrame"": 0, ""GroupIndex"": 0, ""StageKind"": ""Final1""}"		"{""competitionTitle"": ""National 7 TUM Male"", ""groupNumber"": 1, ""raw"": ""Nat 7 TUM Male FINAL"", ""sessionID"": 10, ""sessionNumber"": 201, ""sessionTitle"": ""TUM"", ""stageKind"": ""Final1""}"	{}
ovs-session-refs-plan	2	apply	approved	ref	10	201	TUM	National 5 TUM Male	Qualification	1	1		"{""GroupFrame"": 0, ""GroupID"": 50}"		"{""competitionTitle"": ""National 5 TUM Male"", ""groupNumber"": 1, ""raw"": ""Nat 5 TUM Male Flight 1"", ""sessionID"": 10, ""sessionNumber"": 201, ""sessionTitle"": ""TUM"", ""stageKind"": ""Qualification""}"	{}
ovs-session-refs-plan	2	apply	approved	ref	10	201	TUM	National 5 TUM Male	Final1	1	1		"{""CompetitionID"": 50, ""GroupFrame"": 0, ""GroupIndex"": 0, ""StageKind"": ""Final1""}"		"{""competitionTitle"": ""National 5 TUM Male"", ""groupNumber"": 1, ""raw"": ""Nat 5 TUM Male FINAL"", ""sessionID"": 10, ""sessionNumber"": 201, ""sessionTitle"": ""TUM"", ""stageKind"": ""Final1""}"	{}
ovs-session-refs-plan	2	apply	approved	ref	11	202	TRA 1	National 7 TRP Male	Qualification	1	1		"{""GroupFrame"": 0, ""GroupID"": 11}"		"{""competitionTitle"": ""National 7 TRP Male"", ""groupNumber"": 1, ""raw"": ""Nat 7 TRP Male Flight 1"", ""sessionID"": 11, ""sessionNumber"": 202, ""sessionTitle"": ""TRA 1"", ""stageKind"": ""Qualification""}"	{}
ovs-session-refs-plan	2	apply	approved	ref	11	202	TRA 1	National 7 TRP Male	Final1	1	1		"{""CompetitionID"": 11, ""GroupFrame"": 0, ""GroupIndex"": 0, ""StageKind"": ""Final1""}"		"{""competitionTitle"": ""National 7 TRP Male"", ""groupNumber"": 1, ""raw"": ""Nat 7 TRP Male FINAL"", ""sessionID"": 11, ""sessionNumber"": 202, ""sessionTitle"": ""TRA 1"", ""stageKind"": ""Final1""}"	{}
ovs-session-refs-plan	2	apply	approved	ref	12	202	TRA 2	National 7 TRP Female	Qualification	1	1		"{""GroupFrame"": 0, ""GroupID"": 10}"		"{""competitionTitle"": ""National 7 TRP Female"", ""groupNumber"": 1, ""raw"": ""Nat 7 TRP Female Flight 1"", ""sessionID"": 12, ""sessionNumber"": 202, ""sessionTitle"": ""TRA 2"", ""stageKind"": ""Qualification""}"	{}
ovs-session-refs-plan	2	apply	approved	ref	12	202	TRA 2	National 7 TRP Female	Final1	1	1		"{""CompetitionID"": 10, ""GroupFrame"": 0, ""GroupIndex"": 0, ""StageKind"": ""Final1""}"		"{""competitionTitle"": ""National 7 TRP Female"", ""groupNumber"": 1, ""raw"": ""Nat 7 TRP Female FINAL"", ""sessionID"": 12, ""sessionNumber"": 202, ""sessionTitle"": ""TRA 2"", ""stageKind"": ""Final1""}"	{}
ovs-session-refs-plan	2	apply	approved	ref	13	202	DMT	National 6 DMT Male	Qualification	1	1		"{""GroupFrame"": 0, ""GroupID"": 25}"		"{""competitionTitle"": ""National 6 DMT Male"", ""groupNumber"": 1, ""raw"": ""Nat 6 DMT Male Flight 1"", ""sessionID"": 13, ""sessionNumber"": 202, ""sessionTitle"": ""DMT"", ""stageKind"": ""Qualification""}"	{}
ovs-session-refs-plan	2	apply	approved	ref	13	202	DMT	National 6 DMT Male	Qualification	2	1		"{""GroupFrame"": 0, ""GroupID"": 96}"		"{""competitionTitle"": ""National 6 DMT Male"", ""groupNumber"": 2, ""raw"": ""Nat 6 DMT Male Flight 2"", ""sessionID"": 13, ""sessionNumber"": 202, ""sessionTitle"": ""DMT"", ""stageKind"": ""Qualification""}"	{}
ovs-session-refs-plan	2	apply	approved	ref	13	202	DMT	National 6 DMT Male	Final1	1	1		"{""CompetitionID"": 25, ""GroupFrame"": 0, ""GroupIndex"": 0, ""StageKind"": ""Final1""}"		"{""competitionTitle"": ""National 6 DMT Male"", ""groupNumber"": 1, ""raw"": ""Nat 6 DMT Male FINAL"", ""sessionID"": 13, ""sessionNumber"": 202, ""sessionTitle"": ""DMT"", ""stageKind"": ""Final1""}"	{}
ovs-session-refs-plan	2	apply	approved	ref	13	202	DMT	National 6 DMT Female	Qualification	1	1		"{""GroupFrame"": 0, ""GroupID"": 24}"		"{""competitionTitle"": ""National 6 DMT Female"", ""groupNumber"": 1, ""raw"": ""Nat 6 DMT Female Flight 1"", ""sessionID"": 13, ""sessionNumber"": 202, ""sessionTitle"": ""DMT"", ""stageKind"": ""Qualification""}"	{}
ovs-session-refs-plan	2	apply	approved	ref	13	202	DMT	National 6 DMT Female	Qualification	2	1		"{""GroupFrame"": 0, ""GroupID"": 95}"		"{""competitionTitle"": ""National 6 DMT Female"", ""groupNumber"": 2, ""raw"": ""Nat 6 DMT Female Flight 2"", ""sessionID"": 13, ""sessionNumber"": 202, ""sessionTitle"": ""DMT"", ""stageKind"": ""Qualification""}"	{}
ovs-session-refs-plan	2	apply	approved	ref	13	202	DMT	National 6 DMT Female	Final1	1	1		"{""CompetitionID"": 24, ""GroupFrame"": 0, ""GroupIndex"": 0, ""StageKind"": ""Final1""}"		"{""competitionTitle"": ""National 6 DMT Female"", ""groupNumber"": 1, ""raw"": ""Nat 6 DMT Female FINAL"", ""sessionID"": 13, ""sessionNumber"": 202, ""sessionTitle"": ""DMT"", ""stageKind"": ""Final1""}"	{}
ovs-session-refs-plan	2	apply	approved	ref	14	202	TUM	National 5 TUM Female	Qualification	1	1		"{""GroupFrame"": 0, ""GroupID"": 49}"		"{""competitionTitle"": ""National 5 TUM Female"", ""groupNumber"": 1, ""raw"": ""Nat 5 TUM Female Flight 1"", ""sessionID"": 14, ""sessionNumber"": 202, ""sessionTitle"": ""TUM"", ""stageKind"": ""Qualification""}"	{}
ovs-session-refs-plan	2	apply	approved	ref	14	202	TUM	National 5 TUM Female	Qualification	2	1		"{""GroupFrame"": 0, ""GroupID"": 91}"		"{""competitionTitle"": ""National 5 TUM Female"", ""groupNumber"": 2, ""raw"": ""Nat 5 TUM Female Flight 2"", ""sessionID"": 14, ""sessionNumber"": 202, ""sessionTitle"": ""TUM"", ""stageKind"": ""Qualification""}"	{}
ovs-session-refs-plan	2	apply	approved	ref	14	202	TUM	National 5 TUM Female	Qualification	3	1		"{""GroupFrame"": 0, ""GroupID"": 92}"		"{""competitionTitle"": ""National 5 TUM Female"", ""groupNumber"": 3, ""raw"": ""Nat 5 TUM Female Flight 3"", ""sessionID"": 14, ""sessionNumber"": 202, ""sessionTitle"": ""TUM"", ""stageKind"": ""Qualification""}"	{}
ovs-session-refs-plan	2	apply	approved	ref	14	202	TUM	National 5 TUM Female	Qualification	4	1		"{""GroupFrame"": 0, ""GroupID"": 93}"		"{""competitionTitle"": ""National 5 TUM Female"", ""groupNumber"": 4, ""raw"": ""Nat 5 TUM Female Flight 4"", ""sessionID"": 14, ""sessionNumber"": 202, ""sessionTitle"": ""TUM"", ""stageKind"": ""Qualification""}"	{}
ovs-session-refs-plan	2	apply	approved	ref	14	202	TUM	National 5 TUM Female	Qualification	5	1		"{""GroupFrame"": 0, ""GroupID"": 94}"		"{""competitionTitle"": ""National 5 TUM Female"", ""groupNumber"": 5, ""raw"": ""Nat 5 TUM Female Flight 5"", ""sessionID"": 14, ""sessionNumber"": 202, ""sessionTitle"": ""TUM"", ""stageKind"": ""Qualification""}"	{}
ovs-session-refs-plan	2	apply	approved	ref	14	202	TUM	National 5 TUM Female	Final1	1	1		"{""CompetitionID"": 49, ""GroupFrame"": 0, ""GroupIndex"": 0, ""StageKind"": ""Final1""}"		"{""competitionTitle"": ""National 5 TUM Female"", ""groupNumber"": 1, ""raw"": ""Nat 5 TUM Female FINAL"", ""sessionID"": 14, ""sessionNumber"": 202, ""sessionTitle"": ""TUM"", ""stageKind"": ""Final1""}"	{}
ovs-session-refs-plan	2	apply	approved	ref	15	301	TRA 1	Youth SYN Male	Qualification	1	1		"{""GroupFrame"": 0, ""GroupID"": 80}"		"{""competitionTitle"": ""Youth SYN Male"", ""groupNumber"": 1, ""raw"": ""SYN Youth Male Flight 1"", ""sessionID"": 15, ""sessionNumber"": 301, ""sessionTitle"": ""TRA 1"", ""stageKind"": ""Qualification""}"	{}
ovs-session-refs-plan	2	apply	approved	ref	15	301	TRA 1	Youth SYN Male	Final1	1	1		"{""CompetitionID"": 80, ""GroupFrame"": 0, ""GroupIndex"": 0, ""StageKind"": ""Final1""}"		"{""competitionTitle"": ""Youth SYN Male"", ""groupNumber"": 1, ""raw"": ""SYN Youth Male FINAL"", ""sessionID"": 15, ""sessionNumber"": 301, ""sessionTitle"": ""TRA 1"", ""stageKind"": ""Final1""}"	{}
ovs-session-refs-plan	2	apply	approved	ref	16	301	TRA 2	Youth SYN Female	Qualification	1	1		"{""GroupFrame"": 0, ""GroupID"": 79}"		"{""competitionTitle"": ""Youth SYN Female"", ""groupNumber"": 1, ""raw"": ""SYN Youth Female Flight 1"", ""sessionID"": 16, ""sessionNumber"": 301, ""sessionTitle"": ""TRA 2"", ""stageKind"": ""Qualification""}"	{}
ovs-session-refs-plan	2	apply	approved	ref	16	301	TRA 2	Youth SYN Female	Final1	1	1		"{""CompetitionID"": 79, ""GroupFrame"": 0, ""GroupIndex"": 0, ""StageKind"": ""Final1""}"		"{""competitionTitle"": ""Youth SYN Female"", ""groupNumber"": 1, ""raw"": ""SYN Youth Female FINAL"", ""sessionID"": 16, ""sessionNumber"": 301, ""sessionTitle"": ""TRA 2"", ""stageKind"": ""Final1""}"	{}
ovs-session-refs-plan	2	apply	approved	ref	16	301	TRA 2	Senior SYN Mixed	Qualification	1	1		"{""GroupFrame"": 0, ""GroupID"": 78}"		"{""competitionTitle"": ""Senior SYN Mixed"", ""groupNumber"": 1, ""raw"": ""SYN Senior Mixed Flight 1"", ""sessionID"": 16, ""sessionNumber"": 301, ""sessionTitle"": ""TRA 2"", ""stageKind"": ""Qualification""}"	{}
ovs-session-refs-plan	2	apply	approved	ref	16	301	TRA 2	Senior SYN Mixed	Qualification	2	1		"{""GroupFrame"": 0, ""GroupID"": 106}"		"{""competitionTitle"": ""Senior SYN Mixed"", ""groupNumber"": 2, ""raw"": ""SYN Senior Mixed Flight 2"", ""sessionID"": 16, ""sessionNumber"": 301, ""sessionTitle"": ""TRA 2"", ""stageKind"": ""Qualification""}"	{}
ovs-session-refs-plan	2	apply	approved	ref	16	301	TRA 2	Senior SYN Mixed	Final1	1	1		"{""CompetitionID"": 78, ""GroupFrame"": 0, ""GroupIndex"": 0, ""StageKind"": ""Final1""}"		"{""competitionTitle"": ""Senior SYN Mixed"", ""groupNumber"": 1, ""raw"": ""SYN Senior Mixed FINAL"", ""sessionID"": 16, ""sessionNumber"": 301, ""sessionTitle"": ""TRA 2"", ""stageKind"": ""Final1""}"	{}
ovs-session-refs-plan	2	apply	approved	ref	17	301	DMT	Junior U17 DMT Female	Qualification	1	1		"{""GroupFrame"": 0, ""GroupID"": 19}"		"{""competitionTitle"": ""Junior U17 DMT Female"", ""groupNumber"": 1, ""raw"": ""Junior U17 DMT Female Flight 1"", ""sessionID"": 17, ""sessionNumber"": 301, ""sessionTitle"": ""DMT"", ""stageKind"": ""Qualification""}"	{}
ovs-session-refs-plan	2	apply	approved	ref	17	301	DMT	Junior U17 DMT Male	Qualification	1	1		"{""GroupFrame"": 0, ""GroupID"": 18}"		"{""competitionTitle"": ""Junior U17 DMT Male"", ""groupNumber"": 1, ""raw"": ""Junior U17 DMT Male Flight 1"", ""sessionID"": 17, ""sessionNumber"": 301, ""sessionTitle"": ""DMT"", ""stageKind"": ""Qualification""}"	{}
ovs-session-refs-plan	2	apply	approved	ref	17	301	DMT	Junior U17 DMT Male	Qualification	2	1		"{""GroupFrame"": 0, ""GroupID"": 81}"		"{""competitionTitle"": ""Junior U17 DMT Male"", ""groupNumber"": 2, ""raw"": ""Junior U17 DMT Male Flight 2"", ""sessionID"": 17, ""sessionNumber"": 301, ""sessionTitle"": ""DMT"", ""stageKind"": ""Qualification""}"	{}
ovs-session-refs-plan	2	apply	approved	ref	18	301	TUM	Youth U15 TUM Female	Qualification	1	1		"{""GroupFrame"": 0, ""GroupID"": 59}"		"{""competitionTitle"": ""Youth U15 TUM Female"", ""groupNumber"": 1, ""raw"": ""Youth U15 TUM Female Flight 1"", ""sessionID"": 18, ""sessionNumber"": 301, ""sessionTitle"": ""TUM"", ""stageKind"": ""Qualification""}"	{}
ovs-session-refs-plan	2	apply	approved	ref	18	301	TUM	Youth U15 TUM Female	Final1	1	1		"{""CompetitionID"": 59, ""GroupFrame"": 0, ""GroupIndex"": 0, ""StageKind"": ""Final1""}"		"{""competitionTitle"": ""Youth U15 TUM Female"", ""groupNumber"": 1, ""raw"": ""Youth U15 TUM Female FINAL"", ""sessionID"": 18, ""sessionNumber"": 301, ""sessionTitle"": ""TUM"", ""stageKind"": ""Final1""}"	{}
ovs-session-refs-plan	2	apply	approved	ref	18	301	TUM	Youth U15 TUM Male	Qualification	1	1		"{""GroupFrame"": 0, ""GroupID"": 60}"		"{""competitionTitle"": ""Youth U15 TUM Male"", ""groupNumber"": 1, ""raw"": ""Youth U15 TUM Male Flight 1"", ""sessionID"": 18, ""sessionNumber"": 301, ""sessionTitle"": ""TUM"", ""stageKind"": ""Qualification""}"	{}
ovs-session-refs-plan	2	apply	approved	ref	18	301	TUM	Youth U15 TUM Male	Final1	1	1		"{""CompetitionID"": 60, ""GroupFrame"": 0, ""GroupIndex"": 0, ""StageKind"": ""Final1""}"		"{""competitionTitle"": ""Youth U15 TUM Male"", ""groupNumber"": 1, ""raw"": ""Youth U15 TUM Male FINAL"", ""sessionID"": 18, ""sessionNumber"": 301, ""sessionTitle"": ""TUM"", ""stageKind"": ""Final1""}"	{}
ovs-session-refs-plan	2	apply	approved	ref	19	302	TRA 1	Junior SYN Male	Qualification	1	1		"{""GroupFrame"": 0, ""GroupID"": 71}"		"{""competitionTitle"": ""Junior SYN Male"", ""groupNumber"": 1, ""raw"": ""SYN Junior Male Flight 1"", ""sessionID"": 19, ""sessionNumber"": 302, ""sessionTitle"": ""TRA 1"", ""stageKind"": ""Qualification""}"	{}
ovs-session-refs-plan	2	apply	approved	ref	19	302	TRA 1	Junior SYN Male	Qualification	2	1		"{""GroupFrame"": 0, ""GroupID"": 103}"		"{""competitionTitle"": ""Junior SYN Male"", ""groupNumber"": 2, ""raw"": ""SYN Junior Male Flight 2"", ""sessionID"": 19, ""sessionNumber"": 302, ""sessionTitle"": ""TRA 1"", ""stageKind"": ""Qualification""}"	{}
ovs-session-refs-plan	2	apply	approved	ref	19	302	TRA 1	Junior SYN Male	Final1	1	1		"{""CompetitionID"": 71, ""GroupFrame"": 0, ""GroupIndex"": 0, ""StageKind"": ""Final1""}"		"{""competitionTitle"": ""Junior SYN Male"", ""groupNumber"": 1, ""raw"": ""SYN Junior Male FINAL"", ""sessionID"": 19, ""sessionNumber"": 302, ""sessionTitle"": ""TRA 1"", ""stageKind"": ""Final1""}"	{}
ovs-session-refs-plan	2	apply	approved	ref	19	302	TRA 1	Junior 17+ TRP Male	Qualification	1	1		"{""GroupFrame"": 0, ""GroupID"": 2}"		"{""competitionTitle"": ""Junior 17+ TRP Male"", ""groupNumber"": 1, ""raw"": ""Junior 17+ TRP Male Flight 1"", ""sessionID"": 19, ""sessionNumber"": 302, ""sessionTitle"": ""TRA 1"", ""stageKind"": ""Qualification""}"	{}
ovs-session-refs-plan	2	apply	approved	ref	19	302	TRA 1	Junior 17+ TRP Male	Qualification	2	1		"{""GroupFrame"": 0, ""GroupID"": 87}"		"{""competitionTitle"": ""Junior 17+ TRP Male"", ""groupNumber"": 2, ""raw"": ""Junior 17+ TRP Male Flight 2"", ""sessionID"": 19, ""sessionNumber"": 302, ""sessionTitle"": ""TRA 1"", ""stageKind"": ""Qualification""}"	{}
ovs-session-refs-plan	2	apply	approved	ref	20	302	TRA 2	Junior SYN Female	Qualification	1	1		"{""GroupFrame"": 0, ""GroupID"": 72}"		"{""competitionTitle"": ""Junior SYN Female"", ""groupNumber"": 1, ""raw"": ""SYN Junior Female Flight 1"", ""sessionID"": 20, ""sessionNumber"": 302, ""sessionTitle"": ""TRA 2"", ""stageKind"": ""Qualification""}"	{}
ovs-session-refs-plan	2	apply	approved	ref	20	302	TRA 2	Junior SYN Female	Qualification	2	1		"{""GroupFrame"": 0, ""GroupID"": 102}"		"{""competitionTitle"": ""Junior SYN Female"", ""groupNumber"": 2, ""raw"": ""SYN Junior Female Flight 2"", ""sessionID"": 20, ""sessionNumber"": 302, ""sessionTitle"": ""TRA 2"", ""stageKind"": ""Qualification""}"	{}
ovs-session-refs-plan	2	apply	approved	ref	20	302	TRA 2	Junior SYN Female	Final1	1	1		"{""CompetitionID"": 72, ""GroupFrame"": 0, ""GroupIndex"": 0, ""StageKind"": ""Final1""}"		"{""competitionTitle"": ""Junior SYN Female"", ""groupNumber"": 1, ""raw"": ""SYN Junior Female FINAL"", ""sessionID"": 20, ""sessionNumber"": 302, ""sessionTitle"": ""TRA 2"", ""stageKind"": ""Final1""}"	{}
ovs-session-refs-plan	2	apply	approved	ref	20	302	TRA 2	Junior 17+ TRP Female	Qualification	1	1		"{""GroupFrame"": 0, ""GroupID"": 3}"		"{""competitionTitle"": ""Junior 17+ TRP Female"", ""groupNumber"": 1, ""raw"": ""Junior 17+ TRP Female Flight 1"", ""sessionID"": 20, ""sessionNumber"": 302, ""sessionTitle"": ""TRA 2"", ""stageKind"": ""Qualification""}"	{}
ovs-session-refs-plan	2	apply	approved	ref	20	302	TRA 2	Junior 17+ TRP Female	Qualification	2	1		"{""GroupFrame"": 0, ""GroupID"": 86}"		"{""competitionTitle"": ""Junior 17+ TRP Female"", ""groupNumber"": 2, ""raw"": ""Junior 17+ TRP Female Flight 2"", ""sessionID"": 20, ""sessionNumber"": 302, ""sessionTitle"": ""TRA 2"", ""stageKind"": ""Qualification""}"	{}
ovs-session-refs-plan	2	apply	approved	ref	21	302	DMT	Senior DMT Male	Qualification	1	1		"{""GroupFrame"": 0, ""GroupID"": 29}"		"{""competitionTitle"": ""Senior DMT Male"", ""groupNumber"": 1, ""raw"": ""Senior DMT Male Flight 1"", ""sessionID"": 21, ""sessionNumber"": 302, ""sessionTitle"": ""DMT"", ""stageKind"": ""Qualification""}"	{}
ovs-session-refs-plan	2	apply	approved	ref	21	302	DMT	Senior DMT Female	Qualification	1	1		"{""GroupFrame"": 0, ""GroupID"": 27}"		"{""competitionTitle"": ""Senior DMT Female"", ""groupNumber"": 1, ""raw"": ""Senior DMT Female Flight 1"", ""sessionID"": 21, ""sessionNumber"": 302, ""sessionTitle"": ""DMT"", ""stageKind"": ""Qualification""}"	{}
ovs-session-refs-plan	2	apply	approved	ref	22	302	TUM	Youth U13 TUM Female	Qualification	1	1		"{""GroupFrame"": 0, ""GroupID"": 57}"		"{""competitionTitle"": ""Youth U13 TUM Female"", ""groupNumber"": 1, ""raw"": ""Youth U13 TUM Female Flight 1"", ""sessionID"": 22, ""sessionNumber"": 302, ""sessionTitle"": ""TUM"", ""stageKind"": ""Qualification""}"	{}
ovs-session-refs-plan	2	apply	approved	ref	22	302	TUM	Youth U13 TUM Female	Final1	1	1		"{""CompetitionID"": 57, ""GroupFrame"": 0, ""GroupIndex"": 0, ""StageKind"": ""Final1""}"		"{""competitionTitle"": ""Youth U13 TUM Female"", ""groupNumber"": 1, ""raw"": ""Youth U13 TUM Female FINAL"", ""sessionID"": 22, ""sessionNumber"": 302, ""sessionTitle"": ""TUM"", ""stageKind"": ""Final1""}"	{}
ovs-session-refs-plan	2	apply	approved	ref	22	302	TUM	Youth U13 TUM Male	Qualification	1	1		"{""GroupFrame"": 0, ""GroupID"": 58}"		"{""competitionTitle"": ""Youth U13 TUM Male"", ""groupNumber"": 1, ""raw"": ""Youth U13 TUM Male Flight 1"", ""sessionID"": 22, ""sessionNumber"": 302, ""sessionTitle"": ""TUM"", ""stageKind"": ""Qualification""}"	{}
ovs-session-refs-plan	2	apply	approved	ref	22	302	TUM	Youth U13 TUM Male	Final1	1	1		"{""CompetitionID"": 58, ""GroupFrame"": 0, ""GroupIndex"": 0, ""StageKind"": ""Final1""}"		"{""competitionTitle"": ""Youth U13 TUM Male"", ""groupNumber"": 1, ""raw"": ""Youth U13 TUM Male FINAL"", ""sessionID"": 22, ""sessionNumber"": 302, ""sessionTitle"": ""TUM"", ""stageKind"": ""Final1""}"	{}
ovs-session-refs-plan	2	apply	approved	ref	23	303	TRA 1	Senior TRP Male	Qualification	1	1		"{""GroupFrame"": 0, ""GroupID"": 13}"		"{""competitionTitle"": ""Senior TRP Male"", ""groupNumber"": 1, ""raw"": ""Senior TRP Male Flight 1"", ""sessionID"": 23, ""sessionNumber"": 303, ""sessionTitle"": ""TRA 1"", ""stageKind"": ""Qualification""}"	{}
ovs-session-refs-plan	2	apply	approved	ref	23	303	TRA 1	Senior TRP Male	Qualification	2	1		"{""GroupFrame"": 0, ""GroupID"": 101}"		"{""competitionTitle"": ""Senior TRP Male"", ""groupNumber"": 2, ""raw"": ""Senior TRP Male Flight 2"", ""sessionID"": 23, ""sessionNumber"": 303, ""sessionTitle"": ""TRA 1"", ""stageKind"": ""Qualification""}"	{}
ovs-session-refs-plan	2	apply	approved	ref	24	303	TRA 2	Senior TRP Female	Qualification	1	1		"{""GroupFrame"": 0, ""GroupID"": 12}"		"{""competitionTitle"": ""Senior TRP Female"", ""groupNumber"": 1, ""raw"": ""Senior TRP Female Flight 1"", ""sessionID"": 24, ""sessionNumber"": 303, ""sessionTitle"": ""TRA 2"", ""stageKind"": ""Qualification""}"	{}
ovs-session-refs-plan	2	apply	approved	ref	24	303	TRA 2	Senior TRP Female	Qualification	2	1		"{""GroupFrame"": 0, ""GroupID"": 100}"		"{""competitionTitle"": ""Senior TRP Female"", ""groupNumber"": 2, ""raw"": ""Senior TRP Female Flight 2"", ""sessionID"": 24, ""sessionNumber"": 303, ""sessionTitle"": ""TRA 2"", ""stageKind"": ""Qualification""}"	{}
ovs-session-refs-plan	2	apply	approved	ref	25	303	DMT	Youth U15 DMT Female	Qualification	1	1		"{""GroupFrame"": 0, ""GroupID"": 32}"		"{""competitionTitle"": ""Youth U15 DMT Female"", ""groupNumber"": 1, ""raw"": ""Youth U15 DMT Female Flight 1"", ""sessionID"": 25, ""sessionNumber"": 303, ""sessionTitle"": ""DMT"", ""stageKind"": ""Qualification""}"	{}
ovs-session-refs-plan	2	apply	approved	ref	25	303	DMT	Youth U15 DMT Male	Qualification	1	1		"{""GroupFrame"": 0, ""GroupID"": 33}"		"{""competitionTitle"": ""Youth U15 DMT Male"", ""groupNumber"": 1, ""raw"": ""Youth U15 DMT Male Flight 1"", ""sessionID"": 25, ""sessionNumber"": 303, ""sessionTitle"": ""DMT"", ""stageKind"": ""Qualification""}"	{}
ovs-session-refs-plan	2	apply	approved	ref	26	303	TUM	Junior U17 TUM Female	Qualification	1	1		"{""GroupFrame"": 0, ""GroupID"": 44}"		"{""competitionTitle"": ""Junior U17 TUM Female"", ""groupNumber"": 1, ""raw"": ""Junior U17 TUM Female Flight 1"", ""sessionID"": 26, ""sessionNumber"": 303, ""sessionTitle"": ""TUM"", ""stageKind"": ""Qualification""}"	{}
ovs-session-refs-plan	2	apply	approved	ref	26	303	TUM	Junior U17 TUM Female	Qualification	2	1		"{""GroupFrame"": 0, ""GroupID"": 83}"		"{""competitionTitle"": ""Junior U17 TUM Female"", ""groupNumber"": 2, ""raw"": ""Junior U17 TUM Female Flight 2"", ""sessionID"": 26, ""sessionNumber"": 303, ""sessionTitle"": ""TUM"", ""stageKind"": ""Qualification""}"	{}
ovs-session-refs-plan	2	apply	approved	ref	26	303	TUM	Junior U17 TUM Female	Final1	1	1		"{""CompetitionID"": 44, ""GroupFrame"": 0, ""GroupIndex"": 0, ""StageKind"": ""Final1""}"		"{""competitionTitle"": ""Junior U17 TUM Female"", ""groupNumber"": 1, ""raw"": ""Junior U17 TUM Female FINAL"", ""sessionID"": 26, ""sessionNumber"": 303, ""sessionTitle"": ""TUM"", ""stageKind"": ""Final1""}"	{}
ovs-session-refs-plan	2	apply	approved	ref	26	303	TUM	Junior U17 TUM Male	Qualification	1	1		"{""GroupFrame"": 0, ""GroupID"": 48}"		"{""competitionTitle"": ""Junior U17 TUM Male"", ""groupNumber"": 1, ""raw"": ""Junior U17 TUM Male Flight 1"", ""sessionID"": 26, ""sessionNumber"": 303, ""sessionTitle"": ""TUM"", ""stageKind"": ""Qualification""}"	{}
ovs-session-refs-plan	2	apply	approved	ref	26	303	TUM	Junior U17 TUM Male	Final1	1	1		"{""CompetitionID"": 48, ""GroupFrame"": 0, ""GroupIndex"": 0, ""StageKind"": ""Final1""}"		"{""competitionTitle"": ""Junior U17 TUM Male"", ""groupNumber"": 1, ""raw"": ""Junior U17 TUM Male FINAL"", ""sessionID"": 26, ""sessionNumber"": 303, ""sessionTitle"": ""TUM"", ""stageKind"": ""Final1""}"	{}
ovs-session-refs-plan	2	apply	approved	ref	27	401	TRA 1	Youth U13 TRP Male	Qualification	1	1		"{""GroupFrame"": 0, ""GroupID"": 15}"		"{""competitionTitle"": ""Youth U13 TRP Male"", ""groupNumber"": 1, ""raw"": ""Youth U13 TRP Male Flight 1"", ""sessionID"": 27, ""sessionNumber"": 401, ""sessionTitle"": ""TRA 1"", ""stageKind"": ""Qualification""}"	{}
ovs-session-refs-plan	2	apply	approved	ref	27	401	TRA 1	Youth U13 TRP Male	Final1	1	1		"{""CompetitionID"": 15, ""GroupFrame"": 0, ""GroupIndex"": 0, ""StageKind"": ""Final1""}"		"{""competitionTitle"": ""Youth U13 TRP Male"", ""groupNumber"": 1, ""raw"": ""Youth U13 TRP Male FINAL"", ""sessionID"": 27, ""sessionNumber"": 401, ""sessionTitle"": ""TRA 1"", ""stageKind"": ""Final1""}"	{}
ovs-session-refs-plan	2	apply	approved	ref	27	401	TRA 1	Youth U15 TRP Male	Qualification	1	1		"{""GroupFrame"": 0, ""GroupID"": 17}"		"{""competitionTitle"": ""Youth U15 TRP Male"", ""groupNumber"": 1, ""raw"": ""Youth U15 TRP Male Flight 1"", ""sessionID"": 27, ""sessionNumber"": 401, ""sessionTitle"": ""TRA 1"", ""stageKind"": ""Qualification""}"	{}
ovs-session-refs-plan	2	apply	approved	ref	28	401	TRA 2	Youth U13 TRP Female	Qualification	1	1		"{""GroupFrame"": 0, ""GroupID"": 14}"		"{""competitionTitle"": ""Youth U13 TRP Female"", ""groupNumber"": 1, ""raw"": ""Youth U13 TRP Female Flight 1"", ""sessionID"": 28, ""sessionNumber"": 401, ""sessionTitle"": ""TRA 2"", ""stageKind"": ""Qualification""}"	{}
ovs-session-refs-plan	2	apply	approved	ref	28	401	TRA 2	Youth U13 TRP Female	Final1	1	1		"{""CompetitionID"": 14, ""GroupFrame"": 0, ""GroupIndex"": 0, ""StageKind"": ""Final1""}"		"{""competitionTitle"": ""Youth U13 TRP Female"", ""groupNumber"": 1, ""raw"": ""Youth U13 TRP Female FINAL"", ""sessionID"": 28, ""sessionNumber"": 401, ""sessionTitle"": ""TRA 2"", ""stageKind"": ""Final1""}"	{}
ovs-session-refs-plan	2	apply	approved	ref	28	401	TRA 2	Youth U15 TRP Female	Qualification	1	1		"{""GroupFrame"": 0, ""GroupID"": 16}"		"{""competitionTitle"": ""Youth U15 TRP Female"", ""groupNumber"": 1, ""raw"": ""Youth U15 TRP Female Flight 1"", ""sessionID"": 28, ""sessionNumber"": 401, ""sessionTitle"": ""TRA 2"", ""stageKind"": ""Qualification""}"	{}
ovs-session-refs-plan	2	apply	approved	ref	29	401	DMT	Junior 17+ DMT Female	Qualification	1	1		"{""GroupFrame"": 0, ""GroupID"": 21}"		"{""competitionTitle"": ""Junior 17+ DMT Female"", ""groupNumber"": 1, ""raw"": ""Junior 17+ DMT Female Flight 1"", ""sessionID"": 29, ""sessionNumber"": 401, ""sessionTitle"": ""DMT"", ""stageKind"": ""Qualification""}"	{}
ovs-session-refs-plan	2	apply	approved	ref	29	401	DMT	Junior 17+ DMT Female	Qualification	2	1		"{""GroupFrame"": 0, ""GroupID"": 84}"		"{""competitionTitle"": ""Junior 17+ DMT Female"", ""groupNumber"": 2, ""raw"": ""Junior 17+ DMT Female Flight 2"", ""sessionID"": 29, ""sessionNumber"": 401, ""sessionTitle"": ""DMT"", ""stageKind"": ""Qualification""}"	{}
ovs-session-refs-plan	2	apply	approved	ref	29	401	DMT	Junior 17+ DMT Male	Qualification	1	1		"{""GroupFrame"": 0, ""GroupID"": 20}"		"{""competitionTitle"": ""Junior 17+ DMT Male"", ""groupNumber"": 1, ""raw"": ""Junior 17+ DMT Male Flight 1"", ""sessionID"": 29, ""sessionNumber"": 401, ""sessionTitle"": ""DMT"", ""stageKind"": ""Qualification""}"	{}
ovs-session-refs-plan	2	apply	approved	ref	29	401	DMT	Junior 17+ DMT Male	Qualification	2	1		"{""GroupFrame"": 0, ""GroupID"": 85}"		"{""competitionTitle"": ""Junior 17+ DMT Male"", ""groupNumber"": 2, ""raw"": ""Junior 17+ DMT Male Flight 2"", ""sessionID"": 29, ""sessionNumber"": 401, ""sessionTitle"": ""DMT"", ""stageKind"": ""Qualification""}"	{}
ovs-session-refs-plan	2	apply	approved	ref	30	402	TRA 1	Senior SYN Male	Qualification	1	1		"{""GroupFrame"": 0, ""GroupID"": 77}"		"{""competitionTitle"": ""Senior SYN Male"", ""groupNumber"": 1, ""raw"": ""SYN Senior Male Flight 1"", ""sessionID"": 30, ""sessionNumber"": 402, ""sessionTitle"": ""TRA 1"", ""stageKind"": ""Qualification""}"	{}
ovs-session-refs-plan	2	apply	approved	ref	30	402	TRA 1	Senior SYN Male	Final1	1	1		"{""CompetitionID"": 77, ""GroupFrame"": 0, ""GroupIndex"": 0, ""StageKind"": ""Final1""}"		"{""competitionTitle"": ""Senior SYN Male"", ""groupNumber"": 1, ""raw"": ""SYN Senior Male FINAL"", ""sessionID"": 30, ""sessionNumber"": 402, ""sessionTitle"": ""TRA 1"", ""stageKind"": ""Final1""}"	{}
ovs-session-refs-plan	2	apply	approved	ref	30	402	TRA 1	Junior U17 TRP Male	Qualification	1	1		"{""GroupFrame"": 0, ""GroupID"": 6}"		"{""competitionTitle"": ""Junior U17 TRP Male"", ""groupNumber"": 1, ""raw"": ""Junior U17 TRP Male Flight 1"", ""sessionID"": 30, ""sessionNumber"": 402, ""sessionTitle"": ""TRA 1"", ""stageKind"": ""Qualification""}"	{}
ovs-session-refs-plan	2	apply	approved	ref	30	402	TRA 1	Junior U17 TRP Male	Qualification	2	1		"{""GroupFrame"": 0, ""GroupID"": 82}"		"{""competitionTitle"": ""Junior U17 TRP Male"", ""groupNumber"": 2, ""raw"": ""Junior U17 TRP Male Flight 2"", ""sessionID"": 30, ""sessionNumber"": 402, ""sessionTitle"": ""TRA 1"", ""stageKind"": ""Qualification""}"	{}
ovs-session-refs-plan	2	apply	approved	ref	31	402	TRA 2	Senior SYN Female	Qualification	1	1		"{""GroupFrame"": 0, ""GroupID"": 76}"		"{""competitionTitle"": ""Senior SYN Female"", ""groupNumber"": 1, ""raw"": ""SYN Senior Female Flight 1"", ""sessionID"": 31, ""sessionNumber"": 402, ""sessionTitle"": ""TRA 2"", ""stageKind"": ""Qualification""}"	{}
ovs-session-refs-plan	2	apply	approved	ref	31	402	TRA 2	Senior SYN Female	Final1	1	1		"{""CompetitionID"": 76, ""GroupFrame"": 0, ""GroupIndex"": 0, ""StageKind"": ""Final1""}"		"{""competitionTitle"": ""Senior SYN Female"", ""groupNumber"": 1, ""raw"": ""SYN Senior Female FINAL"", ""sessionID"": 31, ""sessionNumber"": 402, ""sessionTitle"": ""TRA 2"", ""stageKind"": ""Final1""}"	{}
ovs-session-refs-plan	2	apply	approved	ref	31	402	TRA 2	Junior U17 TRP Female	Qualification	1	1		"{""GroupFrame"": 0, ""GroupID"": 4}"		"{""competitionTitle"": ""Junior U17 TRP Female"", ""groupNumber"": 1, ""raw"": ""Junior U17 TRP Female Flight 1"", ""sessionID"": 31, ""sessionNumber"": 402, ""sessionTitle"": ""TRA 2"", ""stageKind"": ""Qualification""}"	{}
ovs-session-refs-plan	2	apply	approved	ref	32	402	DMT	Youth U13 DMT Male	Qualification	1	1		"{""GroupFrame"": 0, ""GroupID"": 31}"		"{""competitionTitle"": ""Youth U13 DMT Male"", ""groupNumber"": 1, ""raw"": ""Youth U13 DMT Male Flight 1"", ""sessionID"": 32, ""sessionNumber"": 402, ""sessionTitle"": ""DMT"", ""stageKind"": ""Qualification""}"	{}
ovs-session-refs-plan	2	apply	approved	ref	32	402	DMT	Youth U13 DMT Male	Qualification	2	1		"{""GroupFrame"": 0, ""GroupID"": 107}"		"{""competitionTitle"": ""Youth U13 DMT Male"", ""groupNumber"": 2, ""raw"": ""Youth U13 DMT Male Flight 2"", ""sessionID"": 32, ""sessionNumber"": 402, ""sessionTitle"": ""DMT"", ""stageKind"": ""Qualification""}"	{}
ovs-session-refs-plan	2	apply	approved	ref	32	402	DMT	Youth U13 DMT Male	Final1	1	1		"{""CompetitionID"": 31, ""GroupFrame"": 0, ""GroupIndex"": 0, ""StageKind"": ""Final1""}"		"{""competitionTitle"": ""Youth U13 DMT Male"", ""groupNumber"": 1, ""raw"": ""Youth U13 DMT Male FINAL"", ""sessionID"": 32, ""sessionNumber"": 402, ""sessionTitle"": ""DMT"", ""stageKind"": ""Final1""}"	{}
ovs-session-refs-plan	2	apply	approved	ref	32	402	DMT	Youth U13 DMT Female	Qualification	1	1		"{""GroupFrame"": 0, ""GroupID"": 30}"		"{""competitionTitle"": ""Youth U13 DMT Female"", ""groupNumber"": 1, ""raw"": ""Youth U13 DMT Female Flight 1"", ""sessionID"": 32, ""sessionNumber"": 402, ""sessionTitle"": ""DMT"", ""stageKind"": ""Qualification""}"	{}
ovs-session-refs-plan	2	apply	approved	ref	32	402	DMT	Youth U13 DMT Female	Final1	1	1		"{""CompetitionID"": 30, ""GroupFrame"": 0, ""GroupIndex"": 0, ""StageKind"": ""Final1""}"		"{""competitionTitle"": ""Youth U13 DMT Female"", ""groupNumber"": 1, ""raw"": ""Youth U13 DMT Female FINAL"", ""sessionID"": 32, ""sessionNumber"": 402, ""sessionTitle"": ""DMT"", ""stageKind"": ""Final1""}"	{}
ovs-session-refs-plan	2	apply	approved	ref	33	402	TUM	Junior 17+ TUM Female	Qualification	1	1		"{""GroupFrame"": 0, ""GroupID"": 47}"		"{""competitionTitle"": ""Junior 17+ TUM Female"", ""groupNumber"": 1, ""raw"": ""Junior 17+ TUM Female Flight 1"", ""sessionID"": 33, ""sessionNumber"": 402, ""sessionTitle"": ""TUM"", ""stageKind"": ""Qualification""}"	{}
ovs-session-refs-plan	2	apply	approved	ref	33	402	TUM	Junior 17+ TUM Female	Qualification	2	1		"{""GroupFrame"": 0, ""GroupID"": 88}"		"{""competitionTitle"": ""Junior 17+ TUM Female"", ""groupNumber"": 2, ""raw"": ""Junior 17+ TUM Female Flight 2"", ""sessionID"": 33, ""sessionNumber"": 402, ""sessionTitle"": ""TUM"", ""stageKind"": ""Qualification""}"	{}
ovs-session-refs-plan	2	apply	approved	ref	33	402	TUM	Junior 17+ TUM Female	Final1	1	1		"{""CompetitionID"": 47, ""GroupFrame"": 0, ""GroupIndex"": 0, ""StageKind"": ""Final1""}"		"{""competitionTitle"": ""Junior 17+ TUM Female"", ""groupNumber"": 1, ""raw"": ""Junior 17+ TUM Female FINAL"", ""sessionID"": 33, ""sessionNumber"": 402, ""sessionTitle"": ""TUM"", ""stageKind"": ""Final1""}"	{}
ovs-session-refs-plan	2	apply	approved	ref	33	402	TUM	Junior 17+ TUM Male	Qualification	1	1		"{""GroupFrame"": 0, ""GroupID"": 46}"		"{""competitionTitle"": ""Junior 17+ TUM Male"", ""groupNumber"": 1, ""raw"": ""Junior 17+ TUM Male Flight 1"", ""sessionID"": 33, ""sessionNumber"": 402, ""sessionTitle"": ""TUM"", ""stageKind"": ""Qualification""}"	{}
ovs-session-refs-plan	2	apply	approved	ref	33	402	TUM	Junior 17+ TUM Male	Final1	1	1		"{""CompetitionID"": 46, ""GroupFrame"": 0, ""GroupIndex"": 0, ""StageKind"": ""Final1""}"		"{""competitionTitle"": ""Junior 17+ TUM Male"", ""groupNumber"": 1, ""raw"": ""Junior 17+ TUM Male FINAL"", ""sessionID"": 33, ""sessionNumber"": 402, ""sessionTitle"": ""TUM"", ""stageKind"": ""Final1""}"	{}
ovs-session-refs-plan	2	apply	approved	ref	34	403	TRA 1	Junior 17+ TRP Male	Final1	1	1		"{""CompetitionID"": 2, ""GroupFrame"": 0, ""GroupIndex"": 0, ""StageKind"": ""Final1""}"		"{""competitionTitle"": ""Junior 17+ TRP Male"", ""groupNumber"": 1, ""raw"": ""Junior 17+ TRP Male FINAL"", ""sessionID"": 34, ""sessionNumber"": 403, ""sessionTitle"": ""TRA 1"", ""stageKind"": ""Final1""}"	{}
ovs-session-refs-plan	2	apply	approved	ref	34	403	TRA 1	Senior TRP Male	Final1	1	1		"{""CompetitionID"": 13, ""GroupFrame"": 0, ""GroupIndex"": 0, ""StageKind"": ""Final1""}"		"{""competitionTitle"": ""Senior TRP Male"", ""groupNumber"": 1, ""raw"": ""Senior TRP Male FINAL"", ""sessionID"": 34, ""sessionNumber"": 403, ""sessionTitle"": ""TRA 1"", ""stageKind"": ""Final1""}"	{}
ovs-session-refs-plan	2	apply	approved	ref	35	403	TRA 2	Junior 17+ TRP Female	Final1	1	1		"{""CompetitionID"": 3, ""GroupFrame"": 0, ""GroupIndex"": 0, ""StageKind"": ""Final1""}"		"{""competitionTitle"": ""Junior 17+ TRP Female"", ""groupNumber"": 1, ""raw"": ""Junior 17+ TRP Female FINAL"", ""sessionID"": 35, ""sessionNumber"": 403, ""sessionTitle"": ""TRA 2"", ""stageKind"": ""Final1""}"	{}
ovs-session-refs-plan	2	apply	approved	ref	35	403	TRA 2	Senior TRP Female	Final1	1	1		"{""CompetitionID"": 12, ""GroupFrame"": 0, ""GroupIndex"": 0, ""StageKind"": ""Final1""}"		"{""competitionTitle"": ""Senior TRP Female"", ""groupNumber"": 1, ""raw"": ""Senior TRP Female FINAL"", ""sessionID"": 35, ""sessionNumber"": 403, ""sessionTitle"": ""TRA 2"", ""stageKind"": ""Final1""}"	{}
ovs-session-refs-plan	2	apply	approved	ref	36	403	DMT	Youth U15 DMT Female	Final1	1	1		"{""CompetitionID"": 32, ""GroupFrame"": 0, ""GroupIndex"": 0, ""StageKind"": ""Final1""}"		"{""competitionTitle"": ""Youth U15 DMT Female"", ""groupNumber"": 1, ""raw"": ""Youth U15 DMT Female FINAL"", ""sessionID"": 36, ""sessionNumber"": 403, ""sessionTitle"": ""DMT"", ""stageKind"": ""Final1""}"	{}
ovs-session-refs-plan	2	apply	approved	ref	36	403	DMT	Youth U15 DMT Male	Final1	1	1		"{""CompetitionID"": 33, ""GroupFrame"": 0, ""GroupIndex"": 0, ""StageKind"": ""Final1""}"		"{""competitionTitle"": ""Youth U15 DMT Male"", ""groupNumber"": 1, ""raw"": ""Youth U15 DMT Male FINAL"", ""sessionID"": 36, ""sessionNumber"": 403, ""sessionTitle"": ""DMT"", ""stageKind"": ""Final1""}"	{}
ovs-session-refs-plan	2	apply	approved	ref	36	403	DMT	Junior U17 DMT Female	Final1	1	1		"{""CompetitionID"": 19, ""GroupFrame"": 0, ""GroupIndex"": 0, ""StageKind"": ""Final1""}"		"{""competitionTitle"": ""Junior U17 DMT Female"", ""groupNumber"": 1, ""raw"": ""Junior U17 DMT Female FINAL"", ""sessionID"": 36, ""sessionNumber"": 403, ""sessionTitle"": ""DMT"", ""stageKind"": ""Final1""}"	{}
ovs-session-refs-plan	2	apply	approved	ref	36	403	DMT	Junior U17 DMT Male	Final1	1	1		"{""CompetitionID"": 18, ""GroupFrame"": 0, ""GroupIndex"": 0, ""StageKind"": ""Final1""}"		"{""competitionTitle"": ""Junior U17 DMT Male"", ""groupNumber"": 1, ""raw"": ""Junior U17 DMT Male FINAL"", ""sessionID"": 36, ""sessionNumber"": 403, ""sessionTitle"": ""DMT"", ""stageKind"": ""Final1""}"	{}
ovs-session-refs-plan	2	apply	approved	ref	37	403	TUM	Senior TUM Female	Qualification	1	1		"{""GroupFrame"": 0, ""GroupID"": 55}"		"{""competitionTitle"": ""Senior TUM Female"", ""groupNumber"": 1, ""raw"": ""Senior TUM Female Flight 1"", ""sessionID"": 37, ""sessionNumber"": 403, ""sessionTitle"": ""TUM"", ""stageKind"": ""Qualification""}"	{}
ovs-session-refs-plan	2	apply	approved	ref	37	403	TUM	Senior TUM Male	Qualification	1	1		"{""GroupFrame"": 0, ""GroupID"": 56}"		"{""competitionTitle"": ""Senior TUM Male"", ""groupNumber"": 1, ""raw"": ""Senior TUM Male Flight 1"", ""sessionID"": 37, ""sessionNumber"": 403, ""sessionTitle"": ""TUM"", ""stageKind"": ""Qualification""}"	{}
ovs-session-refs-plan	2	apply	approved	ref	37	403	TUM	Senior TUM Female	Final1	1	1		"{""CompetitionID"": 55, ""GroupFrame"": 0, ""GroupIndex"": 0, ""StageKind"": ""Final1""}"		"{""competitionTitle"": ""Senior TUM Female"", ""groupNumber"": 1, ""raw"": ""Senior TUM Female FINAL"", ""sessionID"": 37, ""sessionNumber"": 403, ""sessionTitle"": ""TUM"", ""stageKind"": ""Final1""}"	{}
ovs-session-refs-plan	2	apply	approved	ref	37	403	TUM	Senior TUM Male	Final1	1	1		"{""CompetitionID"": 56, ""GroupFrame"": 0, ""GroupIndex"": 0, ""StageKind"": ""Final1""}"		"{""competitionTitle"": ""Senior TUM Male"", ""groupNumber"": 1, ""raw"": ""Senior TUM Male FINAL"", ""sessionID"": 37, ""sessionNumber"": 403, ""sessionTitle"": ""TUM"", ""stageKind"": ""Final1""}"	{}
ovs-session-refs-plan	2	apply	approved	ref	38	501	TRA 1	Youth U15 TRP Male	Final1	1	1		"{""CompetitionID"": 17, ""GroupFrame"": 0, ""GroupIndex"": 0, ""StageKind"": ""Final1""}"		"{""competitionTitle"": ""Youth U15 TRP Male"", ""groupNumber"": 1, ""raw"": ""Youth U15 TRP Male FINAL"", ""sessionID"": 38, ""sessionNumber"": 501, ""sessionTitle"": ""TRA 1"", ""stageKind"": ""Final1""}"	{}
ovs-session-refs-plan	2	apply	approved	ref	38	501	TRA 1	Junior U17 TRP Male	Final1	1	1		"{""CompetitionID"": 6, ""GroupFrame"": 0, ""GroupIndex"": 0, ""StageKind"": ""Final1""}"		"{""competitionTitle"": ""Junior U17 TRP Male"", ""groupNumber"": 1, ""raw"": ""Junior U17 TRP Male FINAL"", ""sessionID"": 38, ""sessionNumber"": 501, ""sessionTitle"": ""TRA 1"", ""stageKind"": ""Final1""}"	{}
ovs-session-refs-plan	2	apply	approved	ref	39	501	TRA 2	Youth U15 TRP Female	Final1	1	1		"{""CompetitionID"": 16, ""GroupFrame"": 0, ""GroupIndex"": 0, ""StageKind"": ""Final1""}"		"{""competitionTitle"": ""Youth U15 TRP Female"", ""groupNumber"": 1, ""raw"": ""Youth U15 TRP Female FINAL"", ""sessionID"": 39, ""sessionNumber"": 501, ""sessionTitle"": ""TRA 2"", ""stageKind"": ""Final1""}"	{}
ovs-session-refs-plan	2	apply	approved	ref	39	501	TRA 2	Junior U17 TRP Female	Final1	1	1		"{""CompetitionID"": 4, ""GroupFrame"": 0, ""GroupIndex"": 0, ""StageKind"": ""Final1""}"		"{""competitionTitle"": ""Junior U17 TRP Female"", ""groupNumber"": 1, ""raw"": ""Junior U17 TRP Female FINAL"", ""sessionID"": 39, ""sessionNumber"": 501, ""sessionTitle"": ""TRA 2"", ""stageKind"": ""Final1""}"	{}
ovs-session-refs-plan	2	apply	approved	ref	40	501	DMT	Junior 17+ DMT Female	Final1	1	1		"{""CompetitionID"": 21, ""GroupFrame"": 0, ""GroupIndex"": 0, ""StageKind"": ""Final1""}"		"{""competitionTitle"": ""Junior 17+ DMT Female"", ""groupNumber"": 1, ""raw"": ""Junior 17+ DMT Female FINAL"", ""sessionID"": 40, ""sessionNumber"": 501, ""sessionTitle"": ""DMT"", ""stageKind"": ""Final1""}"	{}
ovs-session-refs-plan	2	apply	approved	ref	40	501	DMT	Junior 17+ DMT Male	Final1	1	1		"{""CompetitionID"": 20, ""GroupFrame"": 0, ""GroupIndex"": 0, ""StageKind"": ""Final1""}"		"{""competitionTitle"": ""Junior 17+ DMT Male"", ""groupNumber"": 1, ""raw"": ""Junior 17+ DMT Male FINAL"", ""sessionID"": 40, ""sessionNumber"": 501, ""sessionTitle"": ""DMT"", ""stageKind"": ""Final1""}"	{}
ovs-session-refs-plan	2	apply	approved	ref	40	501	DMT	Senior DMT Female	Final1	1	1		"{""CompetitionID"": 27, ""GroupFrame"": 0, ""GroupIndex"": 0, ""StageKind"": ""Final1""}"		"{""competitionTitle"": ""Senior DMT Female"", ""groupNumber"": 1, ""raw"": ""Senior DMT Female FINAL"", ""sessionID"": 40, ""sessionNumber"": 501, ""sessionTitle"": ""DMT"", ""stageKind"": ""Final1""}"	{}
ovs-session-refs-plan	2	apply	approved	ref	40	501	DMT	Senior DMT Male	Final1	1	1		"{""CompetitionID"": 29, ""GroupFrame"": 0, ""GroupIndex"": 0, ""StageKind"": ""Final1""}"		"{""competitionTitle"": ""Senior DMT Male"", ""groupNumber"": 1, ""raw"": ""Senior DMT Male FINAL"", ""sessionID"": 40, ""sessionNumber"": 501, ""sessionTitle"": ""DMT"", ""stageKind"": ""Final1""}"	{}
ovs-session-refs-plan	2	apply	approved	skipped	41	502	TRA 1								"{""raw"": ""International TEAM TRP Male FINAL"", ""sessionID"": 41, ""sessionNumber"": 502, ""sessionTitle"": ""TRA 1""}"	"{""reason"": ""No matching live competition exists in the current event for this team/all-around item; phase 2 cannot create competitions.""}"
ovs-session-refs-plan	2	apply	approved	skipped	41	502	TRA 1								"{""raw"": ""TEAM All AROUND FINAL TRP Male"", ""sessionID"": 41, ""sessionNumber"": 502, ""sessionTitle"": ""TRA 1""}"	"{""reason"": ""No matching live competition exists in the current event for this team/all-around item; phase 2 cannot create competitions.""}"
ovs-session-refs-plan	2	apply	approved	skipped	42	502	TRA 2								"{""raw"": ""International TEAM TRP Female FINAL"", ""sessionID"": 42, ""sessionNumber"": 502, ""sessionTitle"": ""TRA 2""}"	"{""reason"": ""No matching live competition exists in the current event for this team/all-around item; phase 2 cannot create competitions.""}"
ovs-session-refs-plan	2	apply	approved	skipped	42	502	TRA 2								"{""raw"": ""TEAM All AROUND FINAL TRP Female"", ""sessionID"": 42, ""sessionNumber"": 502, ""sessionTitle"": ""TRA 2""}"	"{""reason"": ""No matching live competition exists in the current event for this team/all-around item; phase 2 cannot create competitions.""}"
ovs-session-refs-plan	2	apply	approved	skipped	43	502	DMT								"{""raw"": ""International TEAM DMT Male FINAL"", ""sessionID"": 43, ""sessionNumber"": 502, ""sessionTitle"": ""DMT""}"	"{""reason"": ""No matching live competition exists in the current event for this team/all-around item; phase 2 cannot create competitions.""}"
ovs-session-refs-plan	2	apply	approved	skipped	43	502	DMT								"{""raw"": ""International TEAM DMT Female FINAL"", ""sessionID"": 43, ""sessionNumber"": 502, ""sessionTitle"": ""DMT""}"	"{""reason"": ""No matching live competition exists in the current event for this team/all-around item; phase 2 cannot create competitions.""}"
ovs-session-refs-plan	2	apply	approved	skipped	43	502	DMT								"{""raw"": ""TEAM ALL AROUND FINAL DMT Female"", ""sessionID"": 43, ""sessionNumber"": 502, ""sessionTitle"": ""DMT""}"	"{""reason"": ""No matching live competition exists in the current event for this team/all-around item; phase 2 cannot create competitions.""}"
ovs-session-refs-plan	2	apply	approved	skipped	43	502	DMT								"{""raw"": ""TEAM ALL AROUND FINAL DMT Male"", ""sessionID"": 43, ""sessionNumber"": 502, ""sessionTitle"": ""DMT""}"	"{""reason"": ""No matching live competition exists in the current event for this team/all-around item; phase 2 cannot create competitions.""}"
ovs-session-refs-plan	2	apply	approved	skipped	44	502	TUM								"{""raw"": ""International TEAM TUM Male FINAL"", ""sessionID"": 44, ""sessionNumber"": 502, ""sessionTitle"": ""TUM""}"	"{""reason"": ""No matching live competition exists in the current event for this team/all-around item; phase 2 cannot create competitions.""}"
ovs-session-refs-plan	2	apply	approved	skipped	44	502	TUM								"{""raw"": ""International TEAM TUM Female FINAL"", ""sessionID"": 44, ""sessionNumber"": 502, ""sessionTitle"": ""TUM""}"	"{""reason"": ""No matching live competition exists in the current event for this team/all-around item; phase 2 cannot create competitions.""}"
ovs-session-refs-plan	2	apply	approved	skipped	44	502	TUM								"{""raw"": ""TEAM ALL AROUND FINAL TUM Male"", ""sessionID"": 44, ""sessionNumber"": 502, ""sessionTitle"": ""TUM""}"	"{""reason"": ""No matching live competition exists in the current event for this team/all-around item; phase 2 cannot create competitions.""}"
ovs-session-refs-plan	2	apply	approved	skipped	44	502	TUM								"{""raw"": ""TEAM ALL AROUND FINAL TUM Female"", ""sessionID"": 44, ""sessionNumber"": 502, ""sessionTitle"": ""TUM""}"	"{""reason"": ""No matching live competition exists in the current event for this team/all-around item; phase 2 cannot create competitions.""}"
