PlanKind	Version	Mode	PlanStatus	RowType	SessionID	Field:Number	Field:SessionTitle	Field:Time	Source.items	Source.IgnoredItems	Source	Details
ovs-session-plan	2	create	approved	session		102	TRA 1	Tue 7 Jul	"[""SYN Nat 6 Combined Flight 1"", ""SYN Nat 6 Combined Flight 2"", ""SYN Nat 6 Combined FINAL""]"	[]	"{""column"": ""TRAMPOLINE 1"", ""date"": ""2026-07-07"", ""dayIndex"": 1, ""sourceCell"": ""SYN Nat 6 Combined Flight 1\nSYN Nat 6 Combined Flight 2\nSYN Nat 6 Combined FINAL"", ""sourceLabel"": ""Session 2, Tue 7th July"", ""sourceRow"": 3, ""sourceSessionNumber"": 2, ""sourceTable"": 0, ""unmatched"": []}"	"{""reviewRequired"": true, ""reviewStatus"": ""draft-extraction""}"
ovs-session-plan	2	create	approved	session		102	TRA 2	Tue 7 Jul	"[""SYN Nat 5 Combined Flight 1"", ""SYN Nat 5 Combined Flight 2"", ""SYN Nat 5 Combined FINAL"", ""SYN Nat 7 Combined Flight 1"", ""SYN Nat 7 Combined FINAL""]"	[]	"{""column"": ""TRAMPOLINE 2"", ""date"": ""2026-07-07"", ""dayIndex"": 1, ""sourceCell"": ""SYN Nat 5 Combined Flight 1\nSYN Nat 5 Combined Flight 2\nSYN Nat 5 Combined FINAL\nSYN Nat 7 Combined Flight 1\nSYN Nat 7 Combined FINAL"", ""sourceLabel"": ""Session 2, Tue 7th July"", ""sourceRow"": 3, ""sourceSessionNumber"": 2, ""sourceTable"": 0, ""unmatched"": []}"	"{""reviewRequired"": true, ""reviewStatus"": ""draft-extraction""}"
ovs-session-plan	2	create	approved	session		102	TUM	Tue 7 Jul	"[""Nat 6 TUM Female Flight 1"", ""Nat 6 TUM Female Flight 2"", ""Nat 6 TUM Female FINAL"", ""Nat 6 TUM Male Flight 1"", ""Nat 6 TUM Male FINAL""]"	[]	"{""column"": ""TUMBLING"", ""date"": ""2026-07-07"", ""dayIndex"": 1, ""sourceCell"": ""Nat 6 TUM Female Flight 1\nNat 6 TUM Female Flight 2\nNat 6 TUM Female FINAL\nNat 6 TUM Male Flight 1\nNat 6 TUM Male FINAL"", ""sourceLabel"": ""Session 2, Tue 7th July"", ""sourceRow"": 3, ""sourceSessionNumber"": 2, ""sourceTable"": 0, ""unmatched"": []}"	"{""reviewRequired"": true, ""reviewStatus"": ""draft-extraction""}"
ovs-session-plan	2	create	approved	session		103	TRA 1	Tue 7 Jul	"[""Nat 6 TRP Male Flight 1"", ""Nat 6 TRP Male FINAL""]"	[]	"{""column"": ""TRAMPOLINE 1"", ""date"": ""2026-07-07"", ""dayIndex"": 1, ""sourceCell"": ""Nat 6 TRP Male Flight 1\nNat 6 TRP Male FINAL"", ""sourceLabel"": ""SESSION 3, Tue 7th July"", ""sourceRow"": 4, ""sourceSessionNumber"": 3, ""sourceTable"": 0, ""unmatched"": []}"	"{""reviewRequired"": true, ""reviewStatus"": ""draft-extraction""}"
ovs-session-plan	2	create	approved	session		103	TRA 2	Tue 7 Jul	"[""Nat 6 TRP Female Flight 1"", ""Nat 6 TRP Female Flight 2"", ""Nat 6 TRP Female FINAL""]"	[]	"{""column"": ""TRAMPOLINE 2"", ""date"": ""2026-07-07"", ""dayIndex"": 1, ""sourceCell"": ""Nat 6 TRP Female Flight 1\nNat 6 TRP Female Flight 2\nNat 6 TRP Female FINAL"", ""sourceLabel"": ""SESSION 3, Tue 7th July"", ""sourceRow"": 4, ""sourceSessionNumber"": 3, ""sourceTable"": 0, ""unmatched"": []}"	"{""reviewRequired"": true, ""reviewStatus"": ""draft-extraction""}"
ovs-session-plan	2	create	approved	session		103	DMT	Tue 7 Jul	"[""Nat 5 DMT Female Flight 1"", ""Nat 5 DMT Female Flight 2"", ""Nat 5 DMT Female FINAL"", ""Nat 5 DMT Male Flight 1"", ""Nat 5 DMT Male FINAL""]"	[]	"{""column"": ""DOUBLE MINI TRAMP"", ""date"": ""2026-07-07"", ""dayIndex"": 1, ""sourceCell"": ""Nat 5 DMT Female Flight 1\nNat 5 DMT Female Flight 2\nNat 5 DMT Female FINAL\nNat 5 DMT Male Flight 1\nNat 5 DMT Male FINAL"", ""sourceLabel"": ""SESSION 3, Tue 7th July"", ""sourceRow"": 4, ""sourceSessionNumber"": 3, ""sourceTable"": 0, ""unmatched"": []}"	"{""reviewRequired"": true, ""reviewStatus"": ""draft-extraction""}"
ovs-session-plan	2	create	approved	session		103	TUM	Tue 7 Jul	"[""Nat 7 TUM Female Flight 1"", ""Nat 7 TUM Female Flight 2"", ""Nat 7 TUM Female FINAL""]"	[]	"{""column"": ""TUMBLING"", ""date"": ""2026-07-07"", ""dayIndex"": 1, ""sourceCell"": ""Nat 7 TUM Female Flight 1\nNat 7 TUM Female Flight 2\nNat 7 TUM Female FINAL"", ""sourceLabel"": ""SESSION 3, Tue 7th July"", ""sourceRow"": 4, ""sourceSessionNumber"": 3, ""sourceTable"": 0, ""unmatched"": []}"	"{""reviewRequired"": true, ""reviewStatus"": ""draft-extraction""}"
ovs-session-plan	2	create	approved	session		201	TRA 1	Wed 8 Jul	"[""Nat 5 TRP Male Flight 1"", ""Nat 5 TRP Male FINAL""]"	[]	"{""column"": ""TRAMPOLINE 1"", ""date"": ""2026-07-08"", ""dayIndex"": 2, ""sourceCell"": ""Nat 5 TRP Male Flight 1\nNat 5 TRP Male FINAL"", ""sourceLabel"": ""SESSION 1, Wed 8th July"", ""sourceRow"": 2, ""sourceSessionNumber"": 1, ""sourceTable"": 1, ""unmatched"": []}"	"{""reviewRequired"": true, ""reviewStatus"": ""draft-extraction""}"
ovs-session-plan	2	create	approved	session		201	TRA 2	Wed 8 Jul	"[""Nat 5 TRP Female Flight 1"", ""Nat 5 TRP Female Flight 2"", ""Nat 5 TRP Female FINAL""]"	[]	"{""column"": ""TRAMPOLINE 2"", ""date"": ""2026-07-08"", ""dayIndex"": 2, ""sourceCell"": ""Nat 5 TRP Female Flight 1\nNat 5 TRP Female Flight 2\nNat 5 TRP Female FINAL"", ""sourceLabel"": ""SESSION 1, Wed 8th July"", ""sourceRow"": 2, ""sourceSessionNumber"": 1, ""sourceTable"": 1, ""unmatched"": []}"	"{""reviewRequired"": true, ""reviewStatus"": ""draft-extraction""}"
ovs-session-plan	2	create	approved	session		201	DMT	Wed 8 Jul	"[""Nat 7 DMT Male Flight 1"", ""Nat 7 DMT Male FINAL"", ""Nat 7 DMT Female Flight 1"", ""Nat 7 DMT Female FINAL""]"	[]	"{""column"": ""DOUBLE MINI TRAMP"", ""date"": ""2026-07-08"", ""dayIndex"": 2, ""sourceCell"": ""Nat 7 DMT Male Flight 1\nNat 7 DMT Male FINAL\nNat 7 DMT Female Flight 1\nNat 7 DMT Female FINAL"", ""sourceLabel"": ""SESSION 1, Wed 8th July"", ""sourceRow"": 2, ""sourceSessionNumber"": 1, ""sourceTable"": 1, ""unmatched"": []}"	"{""reviewRequired"": true, ""reviewStatus"": ""draft-extraction""}"
ovs-session-plan	2	create	approved	session		201	TUM	Wed 8 Jul	"[""Nat 7 TUM Male Flight 1"", ""Nat 7 TUM Male FINAL"", ""Nat 5 TUM Male Flight 1"", ""Nat 5 TUM Male FINAL""]"	[]	"{""column"": ""TUMBLING"", ""date"": ""2026-07-08"", ""dayIndex"": 2, ""sourceCell"": ""Nat 7 TUM Male Flight 1\nNat 7 TUM Male FINAL\nNat 5 TUM Male Flight 1\nNat 5 TUM Male FINAL"", ""sourceLabel"": ""SESSION 1, Wed 8th July"", ""sourceRow"": 2, ""sourceSessionNumber"": 1, ""sourceTable"": 1, ""unmatched"": []}"	"{""reviewRequired"": true, ""reviewStatus"": ""draft-extraction""}"
ovs-session-plan	2	create	approved	session		202	TRA 1	Wed 8 Jul	"[""Nat 7 TRP Male Flight 1"", ""Nat 7 TRP Male FINAL""]"	[]	"{""column"": ""TRAMPOLINE 1"", ""date"": ""2026-07-08"", ""dayIndex"": 2, ""sourceCell"": ""Nat 7 TRP Male Flight 1\nNat 7 TRP Male FINAL"", ""sourceLabel"": ""SESSION 2, Wed 8th July"", ""sourceRow"": 3, ""sourceSessionNumber"": 2, ""sourceTable"": 1, ""unmatched"": []}"	"{""reviewRequired"": true, ""reviewStatus"": ""draft-extraction""}"
ovs-session-plan	2	create	approved	session		202	TRA 2	Wed 8 Jul	"[""Nat 7 TRP Female Flight 1"", ""Nat 7 TRP Female FINAL""]"	[]	"{""column"": ""TRAMPOLINE 2"", ""date"": ""2026-07-08"", ""dayIndex"": 2, ""sourceCell"": ""Nat 7 TRP Female Flight 1\nNat 7 TRP Female FINAL"", ""sourceLabel"": ""SESSION 2, Wed 8th July"", ""sourceRow"": 3, ""sourceSessionNumber"": 2, ""sourceTable"": 1, ""unmatched"": []}"	"{""reviewRequired"": true, ""reviewStatus"": ""draft-extraction""}"
ovs-session-plan	2	create	approved	session		202	DMT	Wed 8 Jul	"[""Nat 6 DMT Male Flight 1"", ""Nat 6 DMT Male Flight 2"", ""Nat 6 DMT Male FINAL"", ""Nat 6 DMT Female Flight 1"", ""Nat 6 DMT Female Flight 2"", ""Nat 6 DMT Female FINAL""]"	[]	"{""column"": ""DOUBLE MINI TRAMP"", ""date"": ""2026-07-08"", ""dayIndex"": 2, ""sourceCell"": ""Nat 6 DMT Male Flight 1\nNat 6 DMT Male Flight 2\nNat 6 DMT Male FINAL\nNat 6 DMT Female Flight 1\nNat 6 DMT Female Flight 2\nNat 6 DMT Female FINAL"", ""sourceLabel"": ""SESSION 2, Wed 8th July"", ""sourceRow"": 3, ""sourceSessionNumber"": 2, ""sourceTable"": 1, ""unmatched"": []}"	"{""reviewRequired"": true, ""reviewStatus"": ""draft-extraction""}"
ovs-session-plan	2	create	approved	session		202	TUM	Wed 8 Jul	"[""Nat 5 TUM Female Flight 1"", ""Nat 5 TUM Female Flight 2"", ""Nat 5 TUM Female Flight 3"", ""Nat 5 TUM Female Flight 4"", ""Nat 5 TUM Female Flight 5"", ""Nat 5 TUM Female FINAL""]"	[]	"{""column"": ""TUMBLING"", ""date"": ""2026-07-08"", ""dayIndex"": 2, ""sourceCell"": ""Nat 5 TUM Female Flight 1\nNat 5 TUM Female Flight 2\nNat 5 TUM Female Flight 3\nNat 5 TUM Female Flight 4\nNat 5 TUM Female Flight 5\nNat 5 TUM Female FINAL"", ""sourceLabel"": ""SESSION 2, Wed 8th July"", ""sourceRow"": 3, ""sourceSessionNumber"": 2, ""sourceTable"": 1, ""unmatched"": []}"	"{""reviewRequired"": true, ""reviewStatus"": ""draft-extraction""}"
ovs-session-plan	2	create	approved	session		301	TRA 1	Fri 10 Jul	"[""SYN Youth Male Flight 1"", ""SYN Youth Male FINAL""]"	[]	"{""column"": ""TRAMPOLINE 1"", ""date"": ""2026-07-10"", ""dayIndex"": 3, ""sourceCell"": ""SYN Youth Male Flight 1\nSYN Youth Male FINAL"", ""sourceLabel"": ""Session 1, Fri 10th July"", ""sourceRow"": 2, ""sourceSessionNumber"": 1, ""sourceTable"": 2, ""unmatched"": []}"	"{""reviewRequired"": true, ""reviewStatus"": ""draft-extraction""}"
ovs-session-plan	2	create	approved	session		301	TRA 2	Fri 10 Jul	"[""SYN Youth Female Flight 1"", ""SYN Youth Female FINAL"", ""SYN Senior Mixed Flight 1"", ""SYN Senior Mixed Flight 2"", ""SYN Senior Mixed FINAL""]"	[]	"{""column"": ""TRAMPOLINE 2"", ""date"": ""2026-07-10"", ""dayIndex"": 3, ""sourceCell"": ""SYN Youth Female Flight 1\nSYN Youth Female FINAL\nSYN Senior Mixed Flight 1\nSYN Senior Mixed Flight 2\nSYN Senior Mixed FINAL"", ""sourceLabel"": ""Session 1, Fri 10th July"", ""sourceRow"": 2, ""sourceSessionNumber"": 1, ""sourceTable"": 2, ""unmatched"": []}"	"{""reviewRequired"": true, ""reviewStatus"": ""draft-extraction""}"
ovs-session-plan	2	create	approved	session		301	DMT	Fri 10 Jul	"[""Junior U17 DMT Female Flight 1"", ""Junior U17 DMT Male Flight 1"", ""Junior U17 DMT Male Flight 2""]"	[]	"{""column"": ""DOUBLE MINI TRAMP"", ""date"": ""2026-07-10"", ""dayIndex"": 3, ""sourceCell"": ""Junior U17 DMT Female Flight 1\nJunior U17 DMT Male Flight 1\nJunior U17 DMT Male Flight 2"", ""sourceLabel"": ""Session 1, Fri 10th July"", ""sourceRow"": 2, ""sourceSessionNumber"": 1, ""sourceTable"": 2, ""unmatched"": []}"	"{""reviewRequired"": true, ""reviewStatus"": ""draft-extraction""}"
ovs-session-plan	2	create	approved	session		301	TUM	Fri 10 Jul	"[""Youth U15 TUM Female Flight 1"", ""Youth U15 TUM Female FINAL"", ""Youth U15 TUM Male Flight 1"", ""Youth U15 TUM Male FINAL""]"	[]	"{""column"": ""TUMBLING"", ""date"": ""2026-07-10"", ""dayIndex"": 3, ""sourceCell"": ""Youth U15 TUM Female Flight 1\nYouth U15 TUM Female FINAL\nYouth U15 TUM Male Flight 1\nYouth U15 TUM Male FINAL"", ""sourceLabel"": ""Session 1, Fri 10th July"", ""sourceRow"": 2, ""sourceSessionNumber"": 1, ""sourceTable"": 2, ""unmatched"": []}"	"{""reviewRequired"": true, ""reviewStatus"": ""draft-extraction""}"
ovs-session-plan	2	create	approved	session		302	TRA 1	Fri 10 Jul	"[""SYN Junior Male Flight 1"", ""SYN Junior Male Flight 2"", ""SYN Junior Male FINAL"", ""Junior 17+ TRP Male Flight 1"", ""Junior 17+ TRP Male Flight 2""]"	[]	"{""column"": ""TRAMPOLINE 1"", ""date"": ""2026-07-10"", ""dayIndex"": 3, ""sourceCell"": ""SYN Junior Male Flight 1\nSYN Junior Male Flight 2\nSYN Junior Male FINAL\nJunior 17+ TRP Male Flight 1\nJunior 17+ TRP Male Flight 2"", ""sourceLabel"": ""Session 2, Fri 10th July"", ""sourceRow"": 3, ""sourceSessionNumber"": 2, ""sourceTable"": 2, ""unmatched"": []}"	"{""reviewRequired"": true, ""reviewStatus"": ""draft-extraction""}"
ovs-session-plan	2	create	approved	session		302	TRA 2	Fri 10 Jul	"[""SYN Junior Female Flight 1"", ""SYN Junior Female Flight 2"", ""SYN Junior Female FINAL"", ""Junior 17+ TRP Female Flight 1"", ""Junior 17+ TRP Female Flight 2""]"	[]	"{""column"": ""TRAMPOLINE 2"", ""date"": ""2026-07-10"", ""dayIndex"": 3, ""sourceCell"": ""SYN Junior Female Flight 1\nSYN Junior Female Flight 2\nSYN Junior Female FINAL\nJunior 17+ TRP Female Flight 1\nJunior 17+ TRP Female Flight 2"", ""sourceLabel"": ""Session 2, Fri 10th July"", ""sourceRow"": 3, ""sourceSessionNumber"": 2, ""sourceTable"": 2, ""unmatched"": []}"	"{""reviewRequired"": true, ""reviewStatus"": ""draft-extraction""}"
ovs-session-plan	2	create	approved	session		302	DMT	Fri 10 Jul	"[""Senior DMT Male Flight 1"", ""Senior DMT Female Flight 1""]"	[]	"{""column"": ""DOUBLE MINI TRAMP"", ""date"": ""2026-07-10"", ""dayIndex"": 3, ""sourceCell"": ""Senior DMT Male Flight 1\nSenior DMT Female Flight 1"", ""sourceLabel"": ""Session 2, Fri 10th July"", ""sourceRow"": 3, ""sourceSessionNumber"": 2, ""sourceTable"": 2, ""unmatched"": []}"	"{""reviewRequired"": true, ""reviewStatus"": ""draft-extraction""}"
ovs-session-plan	2	create	approved	session		302	TUM	Fri 10 Jul	"[""Youth U13 TUM Female Flight 1"", ""Youth U13 TUM Female FINAL"", ""Youth U13 TUM Male Flight 1"", ""Youth U13 TUM Male FINAL""]"	[]	"{""column"": ""TUMBLING"", ""date"": ""2026-07-10"", ""dayIndex"": 3, ""sourceCell"": ""Youth U13 TUM Female Flight 1\nYouth U13 TUM Female FINAL\nYouth U13 TUM Male Flight 1\nYouth U13 TUM Male FINAL"", ""sourceLabel"": ""Session 2, Fri 10th July"", ""sourceRow"": 3, ""sourceSessionNumber"": 2, ""sourceTable"": 2, ""unmatched"": []}"	"{""reviewRequired"": true, ""reviewStatus"": ""draft-extraction""}"
ovs-session-plan	2	create	approved	session		303	TRA 1	Fri 10 Jul	"[""Senior TRP Male Flight 1"", ""Senior TRP Male Flight 2""]"	[]	"{""column"": ""TRAMPOLINE 1"", ""date"": ""2026-07-10"", ""dayIndex"": 3, ""sourceCell"": ""Senior TRP Male Flight 1\nSenior TRP Male Flight 2"", ""sourceLabel"": ""Session 3, Fri 10th July"", ""sourceRow"": 4, ""sourceSessionNumber"": 3, ""sourceTable"": 2, ""unmatched"": []}"	"{""reviewRequired"": true, ""reviewStatus"": ""draft-extraction""}"
ovs-session-plan	2	create	approved	session		303	TRA 2	Fri 10 Jul	"[""Senior TRP Female Flight 1"", ""Senior TRP Female Flight 2""]"	[]	"{""column"": ""TRAMPOLINE 2"", ""date"": ""2026-07-10"", ""dayIndex"": 3, ""sourceCell"": ""Senior TRP Female Flight 1\nSenior TRP Female Flight 2"", ""sourceLabel"": ""Session 3, Fri 10th July"", ""sourceRow"": 4, ""sourceSessionNumber"": 3, ""sourceTable"": 2, ""unmatched"": []}"	"{""reviewRequired"": true, ""reviewStatus"": ""draft-extraction""}"
ovs-session-plan	2	create	approved	session		303	DMT	Fri 10 Jul	"[""Youth U15 DMT Female Flight 1"", ""Youth U15 DMT Male Flight 1""]"	[]	"{""column"": ""DOUBLE MINI TRAMP"", ""date"": ""2026-07-10"", ""dayIndex"": 3, ""sourceCell"": ""Youth U15 DMT Female Flight 1\nYouth U15 DMT Male Flight 1"", ""sourceLabel"": ""Session 3, Fri 10th July"", ""sourceRow"": 4, ""sourceSessionNumber"": 3, ""sourceTable"": 2, ""unmatched"": []}"	"{""reviewRequired"": true, ""reviewStatus"": ""draft-extraction""}"
ovs-session-plan	2	create	approved	session		303	TUM	Fri 10 Jul	"[""Junior U17 TUM Female Flight 1"", ""Junior U17 TUM Female Flight 2"", ""Junior U17 TUM Female FINAL"", ""Junior U17 TUM Male Flight 1"", ""Junior U17 TUM Male FINAL""]"	[]	"{""column"": ""TUMBLING"", ""date"": ""2026-07-10"", ""dayIndex"": 3, ""sourceCell"": ""Junior U17 TUM Female Flight 1\nJunior U17 TUM Female Flight 2\nJunior U17 TUM Female FINAL\nJunior U17 TUM Male Flight 1\nJunior U17 TUM Male FINAL"", ""sourceLabel"": ""Session 3, Fri 10th July"", ""sourceRow"": 4, ""sourceSessionNumber"": 3, ""sourceTable"": 2, ""unmatched"": []}"	"{""reviewRequired"": true, ""reviewStatus"": ""draft-extraction""}"
ovs-session-plan	2	create	approved	session		401	TRA 1	Sat 11 Jul	"[""Youth U13 TRP Male Flight 1"", ""Youth U13 TRP Male FINAL"", ""Youth U15 TRP Male Flight 1""]"	[]	"{""column"": ""TRAMPOLINE 1"", ""date"": ""2026-07-11"", ""dayIndex"": 4, ""sourceCell"": ""Youth U13 TRP Male Flight 1\nYouth U13 TRP Male FINAL\nYouth U15 TRP Male Flight 1"", ""sourceLabel"": ""SESSION 1, Sat 11th July"", ""sourceRow"": 2, ""sourceSessionNumber"": 1, ""sourceTable"": 3, ""unmatched"": []}"	"{""reviewRequired"": true, ""reviewStatus"": ""draft-extraction""}"
ovs-session-plan	2	create	approved	session		401	TRA 2	Sat 11 Jul	"[""Youth U13 TRP Female Flight 1"", ""Youth U13 TRP Female FINAL"", ""Youth U15 TRP Female Flight 1""]"	[]	"{""column"": ""TRAMPOLINE 2"", ""date"": ""2026-07-11"", ""dayIndex"": 4, ""sourceCell"": ""Youth U13 TRP Female Flight 1\nYouth U13 TRP Female FINAL\nYouth U15 TRP Female Flight 1"", ""sourceLabel"": ""SESSION 1, Sat 11th July"", ""sourceRow"": 2, ""sourceSessionNumber"": 1, ""sourceTable"": 3, ""unmatched"": []}"	"{""reviewRequired"": true, ""reviewStatus"": ""draft-extraction""}"
ovs-session-plan	2	create	approved	session		401	DMT	Sat 11 Jul	"[""Junior 17+ DMT Female Flight 1"", ""Junior 17+ DMT Female Flight 2"", ""Junior 17+ DMT Male Flight 1"", ""Junior 17+ DMT Male Flight 2""]"	[]	"{""column"": ""DOUBLE MINI TRAMP"", ""date"": ""2026-07-11"", ""dayIndex"": 4, ""sourceCell"": ""Junior 17+ DMT Female Flight 1\nJunior 17+ DMT Female Flight 2\nJunior 17+ DMT Male Flight 1\nJunior 17+ DMT Male Flight 2"", ""sourceLabel"": ""SESSION 1, Sat 11th July"", ""sourceRow"": 2, ""sourceSessionNumber"": 1, ""sourceTable"": 3, ""unmatched"": []}"	"{""reviewRequired"": true, ""reviewStatus"": ""draft-extraction""}"
ovs-session-plan	2	create	approved	session		402	TRA 1	Sat 11 Jul	"[""SYN Senior Male Flight 1"", ""SYN Senior Male FINAL"", ""Junior U17 TRP Male Flight 1"", ""Junior U17 TRP Male Flight 2""]"	[]	"{""column"": ""TRAMPOLINE 1"", ""date"": ""2026-07-11"", ""dayIndex"": 4, ""sourceCell"": ""SYN Senior Male Flight 1\nSYN Senior Male FINAL\nJunior U17 TRP Male Flight 1\nJunior U17 TRP Male Flight 2"", ""sourceLabel"": ""SESSION 2, Sat 11th July"", ""sourceRow"": 3, ""sourceSessionNumber"": 2, ""sourceTable"": 3, ""unmatched"": []}"	"{""reviewRequired"": true, ""reviewStatus"": ""draft-extraction""}"
ovs-session-plan	2	create	approved	session		402	TRA 2	Sat 11 Jul	"[""SYN Senior Female Flight 1"", ""SYN Senior Female FINAL"", ""Junior U17 TRP Female Flight 1""]"	[]	"{""column"": ""TRAMPOLINE 2"", ""date"": ""2026-07-11"", ""dayIndex"": 4, ""sourceCell"": ""SYN Senior Female Flight 1\nSYN Senior Female FINAL\nJunior U17 TRP Female Flight 1"", ""sourceLabel"": ""SESSION 2, Sat 11th July"", ""sourceRow"": 3, ""sourceSessionNumber"": 2, ""sourceTable"": 3, ""unmatched"": []}"	"{""reviewRequired"": true, ""reviewStatus"": ""draft-extraction""}"
ovs-session-plan	2	create	approved	session		402	DMT	Sat 11 Jul	"[""Youth U13 DMT Male Flight 1"", ""Youth U13 DMT Male Flight 2"", ""Youth U13 DMT Male FINAL"", ""Youth U13 DMT Female Flight 1"", ""Youth U13 DMT Female FINAL""]"	[]	"{""column"": ""DOUBLE MINI TRAMP"", ""date"": ""2026-07-11"", ""dayIndex"": 4, ""sourceCell"": ""Youth U13 DMT Male Flight 1\nYouth U13 DMT Male Flight 2\nYouth U13 DMT Male FINAL\nYouth U13 DMT Female Flight 1\nYouth U13 DMT Female FINAL"", ""sourceLabel"": ""SESSION 2, Sat 11th July"", ""sourceRow"": 3, ""sourceSessionNumber"": 2, ""sourceTable"": 3, ""unmatched"": []}"	"{""reviewRequired"": true, ""reviewStatus"": ""draft-extraction""}"
ovs-session-plan	2	create	approved	session		402	TUM	Sat 11 Jul	"[""Junior 17+ TUM Female Flight 1"", ""Junior 17+ TUM Female Flight 2"", ""Junior 17+ TUM Female FINAL"", ""Junior 17+ TUM Male Flight 1"", ""Junior 17+ TUM Male FINAL""]"	[]	"{""column"": ""TUMBLING"", ""date"": ""2026-07-11"", ""dayIndex"": 4, ""sourceCell"": ""Junior 17+ TUM Female Flight 1\nJunior 17+ TUM Female Flight 2\nJunior 17+ TUM Female FINAL\nJunior 17+ TUM Male Flight 1\nJunior 17+ TUM Male FINAL"", ""sourceLabel"": ""SESSION 2, Sat 11th July"", ""sourceRow"": 3, ""sourceSessionNumber"": 2, ""sourceTable"": 3, ""unmatched"": []}"	"{""reviewRequired"": true, ""reviewStatus"": ""draft-extraction""}"
ovs-session-plan	2	create	approved	session		403	TRA 1	Sat 11 Jul	"[""Junior 17+ TRP Male FINAL"", ""Senior TRP Male FINAL""]"	[]	"{""column"": ""TRAMPOLINE 1"", ""date"": ""2026-07-11"", ""dayIndex"": 4, ""sourceCell"": ""Junior 17+ TRP Male FINAL\nSenior TRP Male FINAL"", ""sourceLabel"": ""SESSION 3, Sat 11th July"", ""sourceRow"": 4, ""sourceSessionNumber"": 3, ""sourceTable"": 3, ""unmatched"": []}"	"{""reviewRequired"": true, ""reviewStatus"": ""draft-extraction""}"
ovs-session-plan	2	create	approved	session		403	TRA 2	Sat 11 Jul	"[""Junior 17+ TRP Female FINAL"", ""Senior TRP Female FINAL""]"	[]	"{""column"": ""TRAMPOLINE 2"", ""date"": ""2026-07-11"", ""dayIndex"": 4, ""sourceCell"": ""Junior 17+ TRP Female FINAL\nSenior TRP Female FINAL"", ""sourceLabel"": ""SESSION 3, Sat 11th July"", ""sourceRow"": 4, ""sourceSessionNumber"": 3, ""sourceTable"": 3, ""unmatched"": []}"	"{""reviewRequired"": true, ""reviewStatus"": ""draft-extraction""}"
ovs-session-plan	2	create	approved	session		403	DMT	Sat 11 Jul	"[""Youth U15 DMT Female FINAL"", ""Youth U15 DMT Male FINAL"", ""Junior U17 DMT Female FINAL"", ""Junior U17 DMT Male FINAL""]"	[]	"{""column"": ""DOUBLE MINI TRAMP"", ""date"": ""2026-07-11"", ""dayIndex"": 4, ""sourceCell"": ""Youth U15 DMT Female FINAL\nYouth U15 DMT Male FINAL\nJunior U17 DMT Female FINAL\nJunior U17 DMT Male FINAL"", ""sourceLabel"": ""SESSION 3, Sat 11th July"", ""sourceRow"": 4, ""sourceSessionNumber"": 3, ""sourceTable"": 3, ""unmatched"": []}"	"{""reviewRequired"": true, ""reviewStatus"": ""draft-extraction""}"
ovs-session-plan	2	create	approved	session		403	TUM	Sat 11 Jul	"[""Senior TUM Female Flight 1"", ""Senior TUM Male Flight 1"", ""Senior TUM Female FINAL"", ""Senior TUM Male FINAL""]"	[]	"{""column"": ""TUMBLING"", ""date"": ""2026-07-11"", ""dayIndex"": 4, ""sourceCell"": ""Senior TUM Female Flight 1\nSenior TUM Male Flight 1\nSenior TUM Female FINAL\nSenior TUM Male FINAL"", ""sourceLabel"": ""SESSION 3, Sat 11th July"", ""sourceRow"": 4, ""sourceSessionNumber"": 3, ""sourceTable"": 3, ""unmatched"": []}"	"{""reviewRequired"": true, ""reviewStatus"": ""draft-extraction""}"
ovs-session-plan	2	create	approved	session		501	TRA 1	Sun 12 Jul	"[""Youth U15 TRP Male FINAL"", ""Junior U17 TRP Male FINAL""]"	[]	"{""column"": ""TRAMPOLINE 1"", ""date"": ""2026-07-12"", ""dayIndex"": 5, ""sourceCell"": ""Youth U15 TRP Male FINAL\nJunior U17 TRP Male FINAL"", ""sourceLabel"": ""Session 1, Sun 12th July"", ""sourceRow"": 2, ""sourceSessionNumber"": 1, ""sourceTable"": 4, ""unmatched"": []}"	"{""reviewRequired"": true, ""reviewStatus"": ""draft-extraction""}"
ovs-session-plan	2	create	approved	session		501	TRA 2	Sun 12 Jul	"[""Youth U15 TRP Female FINAL"", ""Junior U17 TRP Female FINAL""]"	[]	"{""column"": ""TRAMPOLINE 2"", ""date"": ""2026-07-12"", ""dayIndex"": 5, ""sourceCell"": ""Youth U15 TRP Female FINAL\nJunior U17 TRP Female FINAL"", ""sourceLabel"": ""Session 1, Sun 12th July"", ""sourceRow"": 2, ""sourceSessionNumber"": 1, ""sourceTable"": 4, ""unmatched"": []}"	"{""reviewRequired"": true, ""reviewStatus"": ""draft-extraction""}"
ovs-session-plan	2	create	approved	session		501	DMT	Sun 12 Jul	"[""Junior 17+ DMT Female FINAL"", ""Junior 17+ DMT Male FINAL"", ""Senior DMT Female FINAL"", ""Senior DMT Male FINAL""]"	[]	"{""column"": ""DOUBLE MINI TRAMP"", ""date"": ""2026-07-12"", ""dayIndex"": 5, ""sourceCell"": ""Junior 17+ DMT Female FINAL\nJunior 17+ DMT Male FINAL\nSenior DMT Female FINAL\nSenior DMT Male FINAL"", ""sourceLabel"": ""Session 1, Sun 12th July"", ""sourceRow"": 2, ""sourceSessionNumber"": 1, ""sourceTable"": 4, ""unmatched"": []}"	"{""reviewRequired"": true, ""reviewStatus"": ""draft-extraction""}"
ovs-session-plan	2	create	approved	session		502	TRA 1	Sun 12 Jul	"[""International TEAM TRP Male FINAL"", ""TEAM All AROUND FINAL TRP Male""]"	[]	"{""column"": ""TRAMPOLINE 1"", ""date"": ""2026-07-12"", ""dayIndex"": 5, ""sourceCell"": ""International TEAM TRP Male FINAL\nTEAM All AROUND FINAL TRP Male"", ""sourceLabel"": ""Session 2, Sun 12th July"", ""sourceRow"": 3, ""sourceSessionNumber"": 2, ""sourceTable"": 4, ""unmatched"": []}"	"{""reviewRequired"": true, ""reviewStatus"": ""draft-extraction""}"
ovs-session-plan	2	create	approved	session		502	TRA 2	Sun 12 Jul	"[""International TEAM TRP Female FINAL"", ""TEAM All AROUND FINAL TRP Female""]"	[]	"{""column"": ""TRAMPOLINE 2"", ""date"": ""2026-07-12"", ""dayIndex"": 5, ""sourceCell"": ""International TEAM TRP Female FINAL\nTEAM All AROUND FINAL TRP Female"", ""sourceLabel"": ""Session 2, Sun 12th July"", ""sourceRow"": 3, ""sourceSessionNumber"": 2, ""sourceTable"": 4, ""unmatched"": []}"	"{""reviewRequired"": true, ""reviewStatus"": ""draft-extraction""}"
ovs-session-plan	2	create	approved	session		502	DMT	Sun 12 Jul	"[""International TEAM DMT Male FINAL"", ""International TEAM DMT Female FINAL"", ""TEAM ALL AROUND FINAL DMT Female"", ""TEAM ALL AROUND FINAL DMT Male""]"	[]	"{""column"": ""DOUBLE MINI TRAMP"", ""date"": ""2026-07-12"", ""dayIndex"": 5, ""sourceCell"": ""International TEAM DMT Male FINAL\nInternational TEAM DMT Female FINAL\nTEAM ALL AROUND FINAL DMT Female\nTEAM ALL AROUND FINAL DMT Male"", ""sourceLabel"": ""Session 2, Sun 12th July"", ""sourceRow"": 3, ""sourceSessionNumber"": 2, ""sourceTable"": 4, ""unmatched"": []}"	"{""reviewRequired"": true, ""reviewStatus"": ""draft-extraction""}"
ovs-session-plan	2	create	approved	session		502	TUM	Sun 12 Jul	"[""International TEAM TUM Male FINAL"", ""International TEAM TUM Female FINAL"", ""TEAM ALL AROUND FINAL TUM Male"", ""TEAM ALL AROUND FINAL TUM Female""]"	"[""Males move TUM  to DMT"", ""Females move TUM to DMT""]"	"{""column"": ""TUMBLING"", ""date"": ""2026-07-12"", ""dayIndex"": 5, ""sourceCell"": ""International TEAM TUM Male FINAL\nMales move TUM  to DMT\nInternational TEAM TUM Female FINAL\nFemales move TUM to DMT\nTEAM ALL AROUND FINAL TUM Male\nTEAM ALL AROUND FINAL TUM Female"", ""sourceLabel"": ""Session 2, Sun 12th July"", ""sourceRow"": 3, ""sourceSessionNumber"": 2, ""sourceTable"": 4, ""unmatched"": []}"	"{""reviewRequired"": true, ""reviewStatus"": ""draft-extraction""}"
ovs-session-plan	2	create	approved	skipped							"{""column"": ""TRAMPOLINE 1"", ""raw"": ""NO COMPETITION\nTRAINING HALL ACCESS for Session 2 Athletes only"", ""reason"": ""non-competition"", ""sourceLabel"": ""SESSION 1, Tue 7th July"", ""sourceRow"": 2, ""sourceTable"": 0}"	"{""reviewStatus"": ""draft-extraction""}"
ovs-session-plan	2	create	approved	skipped							"{""column"": ""TRAMPOLINE 2"", ""raw"": ""NO COMPETITION\nTRAINING HALL ACCESS for Session 2 Athletes only"", ""reason"": ""non-competition"", ""sourceLabel"": ""SESSION 1, Tue 7th July"", ""sourceRow"": 2, ""sourceTable"": 0}"	"{""reviewStatus"": ""draft-extraction""}"
ovs-session-plan	2	create	approved	skipped							"{""column"": ""DOUBLE MINI TRAMP"", ""raw"": ""NO COMPETITION\nTRAINING HALL ACCESS for Session 2 Athletes only"", ""reason"": ""non-competition"", ""sourceLabel"": ""SESSION 1, Tue 7th July"", ""sourceRow"": 2, ""sourceTable"": 0}"	"{""reviewStatus"": ""draft-extraction""}"
ovs-session-plan	2	create	approved	skipped							"{""column"": ""TUMBLING"", ""raw"": ""NO COMPETITION\nTRAINING HALL ACCESS for Session 2 Athletes only"", ""reason"": ""non-competition"", ""sourceLabel"": ""SESSION 1, Tue 7th July"", ""sourceRow"": 2, ""sourceTable"": 0}"	"{""reviewStatus"": ""draft-extraction""}"
ovs-session-plan	2	create	approved	skipped							"{""column"": ""DOUBLE MINI TRAMP"", ""raw"": """", ""reason"": ""empty"", ""sourceLabel"": ""Session 2, Tue 7th July"", ""sourceRow"": 3, ""sourceTable"": 0}"	"{""reviewStatus"": ""draft-extraction""}"
ovs-session-plan	2	create	approved	skipped							"{""column"": ""TRAMPOLINE 1"", ""raw"": ""NO COMPETITION"", ""reason"": ""non-competition"", ""sourceLabel"": ""SESSION 3, Wed 8th July"", ""sourceRow"": 4, ""sourceTable"": 1}"	"{""reviewStatus"": ""draft-extraction""}"
ovs-session-plan	2	create	approved	skipped							"{""column"": ""TRAMPOLINE 2"", ""raw"": ""NO COMPETITION"", ""reason"": ""non-competition"", ""sourceLabel"": ""SESSION 3, Wed 8th July"", ""sourceRow"": 4, ""sourceTable"": 1}"	"{""reviewStatus"": ""draft-extraction""}"
ovs-session-plan	2	create	approved	skipped							"{""column"": ""DOUBLE MINI TRAMP"", ""raw"": ""NO COMPETITION"", ""reason"": ""non-competition"", ""sourceLabel"": ""SESSION 3, Wed 8th July"", ""sourceRow"": 4, ""sourceTable"": 1}"	"{""reviewStatus"": ""draft-extraction""}"
ovs-session-plan	2	create	approved	skipped							"{""column"": ""TUMBLING"", ""raw"": ""NO COMPETITION"", ""reason"": ""non-competition"", ""sourceLabel"": ""SESSION 3, Wed 8th July"", ""sourceRow"": 4, ""sourceTable"": 1}"	"{""reviewStatus"": ""draft-extraction""}"
ovs-session-plan	2	create	approved	skipped							"{""column"": ""TUMBLING"", ""raw"": """", ""reason"": ""empty"", ""sourceLabel"": ""SESSION 1, Sat 11th July"", ""sourceRow"": 2, ""sourceTable"": 3}"	"{""reviewStatus"": ""draft-extraction""}"
ovs-session-plan	2	create	approved	skipped							"{""column"": ""TUMBLING"", ""raw"": """", ""reason"": ""empty"", ""sourceLabel"": ""Session 1, Sun 12th July"", ""sourceRow"": 2, ""sourceTable"": 4}"	"{""reviewStatus"": ""draft-extraction""}"
ovs-session-plan	2	create	approved	skipped							"{""column"": ""TRAMPOLINE 1"", ""raw"": ""NO COMPETITION"", ""reason"": ""non-competition"", ""sourceLabel"": ""Session 3, Sun 12th July"", ""sourceRow"": 4, ""sourceTable"": 4}"	"{""reviewStatus"": ""draft-extraction""}"
ovs-session-plan	2	create	approved	skipped							"{""column"": ""TRAMPOLINE 2"", ""raw"": ""NO COMPETITION"", ""reason"": ""non-competition"", ""sourceLabel"": ""Session 3, Sun 12th July"", ""sourceRow"": 4, ""sourceTable"": 4}"	"{""reviewStatus"": ""draft-extraction""}"
ovs-session-plan	2	create	approved	skipped							"{""column"": ""DOUBLE MINI TRAMP"", ""raw"": ""NO COMPETITION"", ""reason"": ""non-competition"", ""sourceLabel"": ""Session 3, Sun 12th July"", ""sourceRow"": 4, ""sourceTable"": 4}"	"{""reviewStatus"": ""draft-extraction""}"
ovs-session-plan	2	create	approved	skipped							"{""column"": ""TUMBLING"", ""raw"": ""NO COMPETITION"", ""reason"": ""non-competition"", ""sourceLabel"": ""Session 3, Sun 12th July"", ""sourceRow"": 4, ""sourceTable"": 4}"	"{""reviewStatus"": ""draft-extraction""}"
